[{"id":1254,"type":"RADIO","knowledgePoints":"线性数据结构","questionTitle":"<p>设线性表L=(a1,a2,…,an-1,an),下列关于线性表的叙述中正确的是（）</p>","optionList":[{"id":7522,"serialNumber":1,"optionTitle":"每个元素都有一个直接前驱和直接后继","chooseFlag":false,"trueFlag":false},{"id":7523,"serialNumber":2,"optionTitle":"线性表中至少要有一个元素","chooseFlag":false,"trueFlag":false},{"id":7524,"serialNumber":3,"optionTitle":"表中元素的排列顺序必须由小到大或由大到小","chooseFlag":false,"trueFlag":false},{"id":7525,"serialNumber":4,"optionTitle":"除第一个元素和最后一个元素外,其余每个元素都有一个且仅有一个直接的前驱和直接后继","chooseFlag":true,"trueFlag":true}],"collectFlag":false,"selectedFlag":true,"analysis":"<p>线性表可以没有元素，就是为空表的时候。</p><p>线性表中元素的排列不必须要顺序排列。</p><p>由线性表的基本原理可以知道，除了第一个元素无前驱，最后一个元素无后继，其他所有的元素都有一个直接的前驱和直接的后继。</p>","checkScore":2,"maxScore":2},{"id":1255,"type":"RADIO","knowledgePoints":"线性数据结构","questionTitle":"<p>单链表结点的数据元素只能是哪一种？（  ）</p>","optionList":[{"id":7526,"serialNumber":1,"optionTitle":"整型","chooseFlag":false,"trueFlag":false},{"id":7527,"serialNumber":2,"optionTitle":"字符串","chooseFlag":false,"trueFlag":false},{"id":7528,"serialNumber":3,"optionTitle":"任何数据类型","chooseFlag":true,"trueFlag":true},{"id":7529,"serialNumber":4,"optionTitle":"实型","chooseFlag":false,"trueFlag":false}],"collectFlag":false,"selectedFlag":true,"analysis":"<p>单链表是一种链式存取的数据结构，用一组地址任意的存储单元存放线性表中的数据元素。每个结点的构成：元素（数据元素的映象) + 指针（指示后继元素存储位置) 其数据元素没有特定的类型限制。</p>","checkScore":2,"maxScore":2},{"id":1256,"type":"RADIO","knowledgePoints":"线性数据结构","questionTitle":"<p>下列叙述中正确的是（）</p>","optionList":[{"id":7530,"serialNumber":1,"optionTitle":"线性表是线性结构","chooseFlag":true,"trueFlag":true},{"id":7531,"serialNumber":2,"optionTitle":"栈与队列是非线性结构","chooseFlag":false,"trueFlag":false},{"id":7532,"serialNumber":3,"optionTitle":"线性链表是非线性结构","chooseFlag":false,"trueFlag":false},{"id":7533,"serialNumber":4,"optionTitle":"二叉树是线性结构","chooseFlag":false,"trueFlag":false}],"collectFlag":false,"selectedFlag":true,"analysis":"<p>栈与队列应该是线性结构，再确切点说是访问受限的线性表</p><p>线性链表应该是线性结构</p><p>二叉树是应该是非线性结构（层次结构）</p>","checkScore":2,"maxScore":2},{"id":1257,"type":"RADIO","knowledgePoints":"线性数据结构","questionTitle":"<p>如果使用比较高效的算法判断单链表有没有环的算法中，至少需要几个指针？</p>","optionList":[{"id":7534,"serialNumber":1,"optionTitle":"1","chooseFlag":false,"trueFlag":false},{"id":7535,"serialNumber":2,"optionTitle":"2","chooseFlag":true,"trueFlag":true},{"id":7536,"serialNumber":3,"optionTitle":"3","chooseFlag":false,"trueFlag":false},{"id":7537,"serialNumber":4,"optionTitle":"4","chooseFlag":false,"trueFlag":false}],"collectFlag":false,"selectedFlag":true,"analysis":"<p>两个。 一个每次走一步， 一次每次走两步， 会相遇就表示有环</p>","checkScore":2,"maxScore":2},{"id":1258,"type":"RADIO","knowledgePoints":"线性数据结构","questionTitle":"<p>下列链表中，其逻辑结构属于非线性结构的是（）</p>","optionList":[{"id":9124,"serialNumber":1,"optionTitle":"二叉链表","chooseFlag":true,"trueFlag":true},{"id":9125,"serialNumber":2,"optionTitle":"循环链表","chooseFlag":false,"trueFlag":false},{"id":9126,"serialNumber":3,"optionTitle":"双向链表","chooseFlag":false,"trueFlag":false},{"id":9127,"serialNumber":4,"optionTitle":"带链的栈","chooseFlag":false,"trueFlag":false}],"collectFlag":false,"selectedFlag":true,"analysis":"<p>逻辑结构大概可以分为两种：线性结构和非线性结构                                                                        <br/>线性结构：有且只有一个开始结点和一个终端结点，并且所有结点都最多只有一个直接前驱和一个直接后继。例如：线性表，典型的线性表有：顺序表、链表、栈（顺序栈、链栈）和队列（顺序队列、链队列）。它们共同的特点就是数据之间的线性关系，除了头结点和尾结点之外，每个结点都有唯一的前驱和唯一的后继，也就是所谓的一对一的关系。</p><p>                                                                        <br/>非线性结构：对应于线性结构，非线性结构也就是每个结点可以有不止一个直接前驱和直接后继。常见的非线性结构包括：树（二叉树）、图（网）等。</p>","checkScore":2,"maxScore":2},{"id":1259,"type":"RADIO","knowledgePoints":"线性数据结构","questionTitle":"<p>指针 p 指向单链表 L 中的非尾部结点，则下列选项中表示删除p的后继结点的是？</p>","optionList":[{"id":7538,"serialNumber":1,"optionTitle":"p = p.next","chooseFlag":false,"trueFlag":false},{"id":7539,"serialNumber":2,"optionTitle":"p =null","chooseFlag":false,"trueFlag":false},{"id":7540,"serialNumber":3,"optionTitle":"p.next=null","chooseFlag":false,"trueFlag":false},{"id":7541,"serialNumber":4,"optionTitle":"p.next = p.next.next","chooseFlag":true,"trueFlag":true}],"collectFlag":false,"selectedFlag":true,"analysis":"<p>删除p后继节点，需要将p. next指向p. next的后继节点</p>","checkScore":2,"maxScore":2},{"id":1260,"type":"RADIO","knowledgePoints":"线性数据结构","questionTitle":"<p>链表要求元素的存储地址（）</p>","optionList":[{"id":7582,"serialNumber":1,"optionTitle":"必需连续","chooseFlag":false,"trueFlag":false},{"id":7583,"serialNumber":2,"optionTitle":"部分连续","chooseFlag":false,"trueFlag":false},{"id":7584,"serialNumber":3,"optionTitle":"必需不连续","chooseFlag":false,"trueFlag":false},{"id":7585,"serialNumber":4,"optionTitle":"连续与否均可","chooseFlag":true,"trueFlag":true}],"collectFlag":false,"selectedFlag":true,"analysis":"<p>链表是一种物理存储单元上非连续、非顺序的存储结构，数据元素的逻辑顺序是通过链表中的指针链接次序实现的。链表由一系列结点（链表中每一个元素称为结点）组成，结点可以在运行时动态生成。每个结点包括两个部分：一个是存储数据元素的数据域，另一个是存储下一个结点地址的指针域。</p>","checkScore":2,"maxScore":2},{"id":1261,"type":"RADIO","knowledgePoints":"线性数据结构","questionTitle":"<p>在以下哪种操作中，使用顺序表比链表好？</p>","optionList":[{"id":7578,"serialNumber":1,"optionTitle":"插入","chooseFlag":false,"trueFlag":false},{"id":7579,"serialNumber":2,"optionTitle":"删除","chooseFlag":false,"trueFlag":false},{"id":7580,"serialNumber":3,"optionTitle":"根据序号查找","chooseFlag":true,"trueFlag":true},{"id":7581,"serialNumber":4,"optionTitle":"根据元素值查找","chooseFlag":false,"trueFlag":false}],"collectFlag":false,"selectedFlag":true,"analysis":"<p>插入：时间复杂度顺序表o(n)，链表o(1)</p><p>删除：时间复杂度顺序表o(n)，链表o(1)</p><p>根据序号查找：时间复杂度顺序表o(1)，链表o(n)</p><p>根据元素值查找：时间复杂度顺序表o(n)，链表o(n)</p>","checkScore":2,"maxScore":2},{"id":1262,"type":"RADIO","knowledgePoints":"线性数据结构","questionTitle":"<p>下面哪项是数组优于链表的特点？</p>","optionList":[{"id":7574,"serialNumber":1,"optionTitle":"方便删除","chooseFlag":false,"trueFlag":false},{"id":7575,"serialNumber":2,"optionTitle":"方便插入","chooseFlag":false,"trueFlag":false},{"id":7576,"serialNumber":3,"optionTitle":"长度可变","chooseFlag":false,"trueFlag":false},{"id":7577,"serialNumber":4,"optionTitle":"占用空间小","chooseFlag":true,"trueFlag":true}],"collectFlag":false,"selectedFlag":true,"analysis":"<p>链表和数组的区别：</p><p>链表是链式存储结构，数组是顺序存储结构；</p><p>链表通过指针连接元素，而数组则是把所有元素按顺序进行存储；</p><p>链表插入和删除元素不需要移动元素，数组删除和增加元素需要移动元素。</p><p>其他选项都是链表的特点，数组所需存储空间小于链表。</p>","checkScore":2,"maxScore":2},{"id":1263,"type":"MULTI_SELECT","knowledgePoints":"线性数据结构","questionTitle":"<p>以下关于单向链表说法正确的是（）</p>","optionList":[{"id":7570,"serialNumber":1,"optionTitle":"如果两个单向链表相交，那他们的尾结点一定相同","chooseFlag":true,"trueFlag":true},{"id":7571,"serialNumber":2,"optionTitle":"快慢指针是判断一个单向链表有没有环的一种方法","chooseFlag":true,"trueFlag":true},{"id":7572,"serialNumber":3,"optionTitle":"有环的单向链表跟无环的单向链表不可能相交","chooseFlag":true,"trueFlag":true},{"id":7573,"serialNumber":4,"optionTitle":"如果两个单向链表相交，那这两个链表都一定不存在环","chooseFlag":false,"trueFlag":false}],"collectFlag":false,"selectedFlag":true,"analysis":"<p>如果两个单向链表相交，那他们的尾结点一定相同：单链表的每个节点都具有唯一的前驱节点和唯一的后继节点，所以当两个单链表存在相交的节点时，这两个链表则同时拥有这个节点，以及这个节点的所有后继节点，当这个公共节点是尾节点时，他们则只含有公共一个节点--尾节点。</p><p>快慢指针是判断一个单向链表有没有环的一种方法：快慢指针是判断单链表是否有环的一种方法：两个指针，每次移动的步长为2叫做快指针，每次移动步长为1的指针叫做慢指针。快慢指针同时从头结点出发，当快指针率先到达NULL的时候，则说明此单链表中不存在环，当快指针追上慢指针的时候，说明此单链表中存在环。</p><p>有环的单向链表跟无环的单向链表不可能相交：有环的单向链表和无环的单向链表不能相交，因为当相交的时候，无环的单向链表也会被迫存在一个环，只不过这个环的”起点“可能不是原来单向链表的头结点。</p><p>如果两个单向链表相交，那这两个链表都一定不存在环：两个单向链表之间相交可以存在环。</p>","checkScore":2,"maxScore":2},{"id":1264,"type":"RADIO","knowledgePoints":"线性数据结构","questionTitle":"<p>已知不带头结点的双向循环链表中的结点结构为(data,last,next) ,在指针p所指结点之后插入由指针s指向的新结点，相应操作为( )</p>","optionList":[{"id":17452,"serialNumber":1,"optionTitle":"<p>p-&gt;next=s; s-&gt;last=p; p-&gt;next-&gt;last=s; s-&gt;next=p-&gt;next</p>","chooseFlag":false,"trueFlag":null},{"id":17453,"serialNumber":2,"optionTitle":"<p> p-&gt;next=s; p-&gt;next-&gt;last=s; s-&gt;last=p; s-&gt;next=p-&gt;next </p>","chooseFlag":false,"trueFlag":null},{"id":17454,"serialNumber":3,"optionTitle":"<p>s-&gt;last=p; s-&gt;next=p-&gt;next; p-&gt;next=s; p-&gt;next-&gt;last=s</p>","chooseFlag":false,"trueFlag":null},{"id":17455,"serialNumber":4,"optionTitle":"<p>s-&gt;last=p; s-&gt;next=p-&gt;next; p-&gt;next-&gt;last=s; p-&gt;next=s</p>","chooseFlag":false,"trueFlag":null}],"collectFlag":false,"selectedFlag":false,"analysis":null,"checkScore":null,"maxScore":2},{"id":1265,"type":"RADIO","knowledgePoints":"线性数据结构","questionTitle":"<p>在长度为n的数组任意位置插入元素，平均需要移动（      ）个元素</p>","optionList":[{"id":9128,"serialNumber":1,"optionTitle":"n","chooseFlag":false,"trueFlag":null},{"id":9129,"serialNumber":2,"optionTitle":"n/2","chooseFlag":false,"trueFlag":null},{"id":9130,"serialNumber":3,"optionTitle":"n+1","chooseFlag":false,"trueFlag":null},{"id":9131,"serialNumber":4,"optionTitle":"2*n","chooseFlag":false,"trueFlag":null}],"collectFlag":false,"selectedFlag":false,"analysis":null,"checkScore":null,"maxScore":2},{"id":1266,"type":"RADIO","knowledgePoints":"线性数据结构","questionTitle":"<p></p><p>在一个长度为n的顺序表的任意位置插入一个新元素的渐进时间复杂度为（）</p><p></p><p></p>","optionList":[{"id":17140,"serialNumber":1,"optionTitle":"<p>O(n)</p>","chooseFlag":false,"trueFlag":null},{"id":17141,"serialNumber":2,"optionTitle":"O(n^3)","chooseFlag":false,"trueFlag":null},{"id":17142,"serialNumber":3,"optionTitle":"O(1)","chooseFlag":false,"trueFlag":null},{"id":17143,"serialNumber":4,"optionTitle":"O(n^2)","chooseFlag":false,"trueFlag":null}],"collectFlag":false,"selectedFlag":false,"analysis":null,"checkScore":null,"maxScore":2},{"id":1267,"type":"RADIO","knowledgePoints":"线性数据结构","questionTitle":"<p>数据空间充足的情况下，在长度为n的数组的表尾插入一个新元素的时间复杂度为（ ）。</p>","optionList":[{"id":17448,"serialNumber":1,"optionTitle":"O(n)","chooseFlag":false,"trueFlag":null},{"id":17449,"serialNumber":2,"optionTitle":"<p>O(1)</p>","chooseFlag":false,"trueFlag":null},{"id":17450,"serialNumber":3,"optionTitle":"O(n^2)","chooseFlag":false,"trueFlag":null},{"id":17451,"serialNumber":4,"optionTitle":"O(log2_n)","chooseFlag":false,"trueFlag":null}],"collectFlag":false,"selectedFlag":false,"analysis":null,"checkScore":null,"maxScore":2},{"id":1268,"type":"RADIO","knowledgePoints":"线性数据结构","questionTitle":"<p>一维数组L=（a1, a2 ,……，a100 ）。在元素a50之后插入一个新的元素，需要移动元素的个数是（ ）。</p>","optionList":[{"id":9742,"serialNumber":1,"optionTitle":"1","chooseFlag":false,"trueFlag":false},{"id":9743,"serialNumber":2,"optionTitle":"49","chooseFlag":false,"trueFlag":false},{"id":9744,"serialNumber":3,"optionTitle":"100","chooseFlag":false,"trueFlag":false},{"id":9745,"serialNumber":4,"optionTitle":"50","chooseFlag":true,"trueFlag":true}],"collectFlag":false,"selectedFlag":true,"analysis":"<p>一维数组L=（a1, a2 ,……，a100 ）。在元素a50之后插入一个新的元素，需要移动元素的个数是50个</p>","checkScore":2,"maxScore":2},{"id":1269,"type":"RADIO","knowledgePoints":"线性数据结构","questionTitle":"<p>向一个有127个元素的数组中插入一个新元素并保持原来顺序不变，平均要移动的元素个数为（ ）</p>","optionList":[{"id":9738,"serialNumber":1,"optionTitle":"8","chooseFlag":false,"trueFlag":null},{"id":9739,"serialNumber":2,"optionTitle":"<p>63.5</p>","chooseFlag":false,"trueFlag":null},{"id":9740,"serialNumber":3,"optionTitle":"63","chooseFlag":false,"trueFlag":null},{"id":9741,"serialNumber":4,"optionTitle":"126","chooseFlag":false,"trueFlag":null}],"collectFlag":false,"selectedFlag":false,"analysis":null,"checkScore":null,"maxScore":2},{"id":1270,"type":"RADIO","knowledgePoints":"线性数据结构","questionTitle":"<p>若有说明：int a[3][4];则对 a 数组元素的非法引用是（   ）</p>","optionList":[{"id":17224,"serialNumber":1,"optionTitle":"a[0][2*1]","chooseFlag":false,"trueFlag":null},{"id":17225,"serialNumber":2,"optionTitle":"a[1][3]","chooseFlag":false,"trueFlag":null},{"id":17226,"serialNumber":3,"optionTitle":"a[4-2][0]","chooseFlag":false,"trueFlag":null},{"id":17227,"serialNumber":4,"optionTitle":"<p>a[0][2+2]</p>","chooseFlag":false,"trueFlag":null}],"collectFlag":false,"selectedFlag":false,"analysis":null,"checkScore":null,"maxScore":2},{"id":1271,"type":"RADIO","knowledgePoints":"线性数据结构","questionTitle":"<p>对于数组的优缺点，以下说法错误的是( )。</p>","optionList":[{"id":17228,"serialNumber":1,"optionTitle":"无需为表示结点间的逻辑关系而增加额外的存储空间","chooseFlag":false,"trueFlag":null},{"id":17229,"serialNumber":2,"optionTitle":"可以方便地随机存取其中的任一结点","chooseFlag":false,"trueFlag":null},{"id":17230,"serialNumber":3,"optionTitle":"插入和删除运算较方便","chooseFlag":false,"trueFlag":null},{"id":17231,"serialNumber":4,"optionTitle":"容易造成一部分空间长期闲置而得不到充分利用","chooseFlag":false,"trueFlag":null}],"collectFlag":false,"selectedFlag":false,"analysis":null,"checkScore":null,"maxScore":2},{"id":1272,"type":"RADIO","knowledgePoints":"线性数据结构","questionTitle":"<p>在以下哪个操作中， 数组比链表更快?</p>","optionList":[{"id":17244,"serialNumber":1,"optionTitle":"原地逆序","chooseFlag":false,"trueFlag":null},{"id":17245,"serialNumber":2,"optionTitle":"头部插入","chooseFlag":false,"trueFlag":null},{"id":17246,"serialNumber":3,"optionTitle":"返回头节点","chooseFlag":false,"trueFlag":null},{"id":17247,"serialNumber":4,"optionTitle":"<p>返回其中某一个节点</p>","chooseFlag":false,"trueFlag":null}],"collectFlag":false,"selectedFlag":false,"analysis":null,"checkScore":null,"maxScore":2},{"id":1273,"type":"RADIO","knowledgePoints":"线性数据结构","questionTitle":"<p>对于顺序存储的长度为N的线性表，访问结点和在线性表中间插入结点的时间复杂度为：</p>","optionList":[{"id":17240,"serialNumber":1,"optionTitle":"O(1), O(1)","chooseFlag":false,"trueFlag":null},{"id":17241,"serialNumber":2,"optionTitle":"<p>O(1), O(N)</p>","chooseFlag":false,"trueFlag":null},{"id":17242,"serialNumber":3,"optionTitle":"O(N), O(1)","chooseFlag":false,"trueFlag":null},{"id":17243,"serialNumber":4,"optionTitle":"O(N), O(N)","chooseFlag":false,"trueFlag":null}],"collectFlag":false,"selectedFlag":false,"analysis":null,"checkScore":null,"maxScore":2},{"id":1274,"type":"RADIO","knowledgePoints":"线性数据结构","questionTitle":"<p>将数据元素2,4,6,8, 10, 12, 14, 16, 18,20, 22依次存放于一个一维数组中，然后采用二分查找方法查找数组元素16,被比较过的数组元素的轨迹依次为（）</p>","optionList":[{"id":9726,"serialNumber":1,"optionTitle":"<p>12,18,14,16</p>","chooseFlag":false,"trueFlag":null},{"id":9727,"serialNumber":2,"optionTitle":"12,14, 18,16","chooseFlag":false,"trueFlag":null},{"id":9728,"serialNumber":3,"optionTitle":"6,9,7,8","chooseFlag":false,"trueFlag":null},{"id":9729,"serialNumber":4,"optionTitle":"6,7,9,8","chooseFlag":false,"trueFlag":null}],"collectFlag":false,"selectedFlag":false,"analysis":null,"checkScore":null,"maxScore":2},{"id":1275,"type":"RADIO","knowledgePoints":"队列","questionTitle":"一个普通队列的进队顺序是1,2，....n，若进队和出队可以交替进行，则出队顺序可能是( )","optionList":[{"id":6511,"serialNumber":1,"optionTitle":"1,2,........,n","chooseFlag":true,"trueFlag":true},{"id":6512,"serialNumber":2,"optionTitle":"1,2,4,3,5,6,.....,n","chooseFlag":false,"trueFlag":false},{"id":6513,"serialNumber":3,"optionTitle":"n,n-1,....,1","chooseFlag":false,"trueFlag":false},{"id":6514,"serialNumber":4,"optionTitle":"其他选项均有可能","chooseFlag":false,"trueFlag":false}],"collectFlag":false,"selectedFlag":true,"analysis":"队列先进先出","checkScore":2,"maxScore":2},{"id":1276,"type":"RADIO","knowledgePoints":"队列","questionTitle":"执行（）操作时，需要使用队列作为辅助存储空间","optionList":[{"id":6515,"serialNumber":1,"optionTitle":"查找哈希表","chooseFlag":false,"trueFlag":false},{"id":6516,"serialNumber":2,"optionTitle":"广度优先搜索图","chooseFlag":true,"trueFlag":true},{"id":6517,"serialNumber":3,"optionTitle":"先序（根）遍历二叉树","chooseFlag":false,"trueFlag":false},{"id":6518,"serialNumber":4,"optionTitle":"深度优先搜索图","chooseFlag":false,"trueFlag":false}],"collectFlag":false,"selectedFlag":true,"analysis":"图的广度优先搜索，在遍历图的边时需要先进先出，需要用到队列","checkScore":2,"maxScore":2},{"id":1277,"type":"RADIO","knowledgePoints":"队列","questionTitle":"若用一个大小为 6 的数组来实现循环队列，且当前 rear 和 front 的值分别为 0 和 3，当从队列中删除一个元素，再加入两个元素后，rear 和 front 的值分别为多少","optionList":[{"id":6519,"serialNumber":1,"optionTitle":"1 和 5","chooseFlag":false,"trueFlag":false},{"id":6520,"serialNumber":2,"optionTitle":"2 和 4","chooseFlag":true,"trueFlag":true},{"id":6521,"serialNumber":3,"optionTitle":"4 和 2","chooseFlag":false,"trueFlag":false},{"id":6522,"serialNumber":4,"optionTitle":"5 和 1","chooseFlag":false,"trueFlag":false}],"collectFlag":false,"selectedFlag":true,"analysis":"循环队列出队front加一，入队rear加一，注意取模。","checkScore":2,"maxScore":2},{"id":1280,"type":"RADIO","knowledgePoints":"队列","questionTitle":"<p>用链表方式存储的队列，在进行插入运算时，以下说法正确的是</p>","optionList":[{"id":17332,"serialNumber":1,"optionTitle":"仅修改头指针","chooseFlag":false,"trueFlag":null},{"id":17333,"serialNumber":2,"optionTitle":"任何情况下头、尾指针都要修改","chooseFlag":false,"trueFlag":null},{"id":17334,"serialNumber":3,"optionTitle":"仅修改尾指针","chooseFlag":false,"trueFlag":null},{"id":17335,"serialNumber":4,"optionTitle":"头、尾指针可能都要修改","chooseFlag":false,"trueFlag":null}],"collectFlag":false,"selectedFlag":false,"analysis":null,"checkScore":null,"maxScore":2},{"id":1281,"type":"RADIO","knowledgePoints":"队列","questionTitle":"<p>设栈S和队列Q的初始状态均为空，元素a，b，c，d，e，f，g依次进入栈S。若每个元素出栈后立即进入队列Q（注意：入栈和出栈操作是可以交错的），且7个元素出队的顺序是b，d，c，f，e，a，g，则栈S的容量至少是</p>","optionList":[{"id":8900,"serialNumber":1,"optionTitle":"1","chooseFlag":false,"trueFlag":null},{"id":8901,"serialNumber":2,"optionTitle":"2","chooseFlag":false,"trueFlag":null},{"id":8902,"serialNumber":3,"optionTitle":"3","chooseFlag":false,"trueFlag":null},{"id":8903,"serialNumber":4,"optionTitle":"4","chooseFlag":false,"trueFlag":null}],"collectFlag":false,"selectedFlag":false,"analysis":null,"checkScore":null,"maxScore":2},{"id":1282,"type":"RADIO","knowledgePoints":"队列","questionTitle":"循环队列的存储空间为 Q(1:40) ，初始状态为 front=rear=40 。经过一系列正常的入队与退队操作后， front=rear=15 ，此后又退出一个元素，则循环队列中的元素个数为","optionList":[{"id":6539,"serialNumber":1,"optionTitle":"39，或0且产生下溢错误","chooseFlag":false,"trueFlag":null},{"id":6540,"serialNumber":2,"optionTitle":"14","chooseFlag":false,"trueFlag":null},{"id":6541,"serialNumber":3,"optionTitle":"50","chooseFlag":false,"trueFlag":null},{"id":6542,"serialNumber":4,"optionTitle":"15","chooseFlag":false,"trueFlag":null}],"collectFlag":false,"selectedFlag":false,"analysis":null,"checkScore":null,"maxScore":2},{"id":1283,"type":"RADIO","knowledgePoints":"队列","questionTitle":"优先队列通常用以下（ ） 数据结构来实现。","optionList":[{"id":6543,"serialNumber":1,"optionTitle":"栈","chooseFlag":false,"trueFlag":null},{"id":6544,"serialNumber":2,"optionTitle":"堆","chooseFlag":false,"trueFlag":null},{"id":6545,"serialNumber":3,"optionTitle":"队列","chooseFlag":false,"trueFlag":null},{"id":6546,"serialNumber":4,"optionTitle":"二叉树","chooseFlag":false,"trueFlag":null}],"collectFlag":false,"selectedFlag":false,"analysis":null,"checkScore":null,"maxScore":2},{"id":1284,"type":"MULTI_SELECT","knowledgePoints":"队列","questionTitle":"可能导致阻塞队列发生阻塞的操作包括","optionList":[{"id":6547,"serialNumber":1,"optionTitle":"查找","chooseFlag":false,"trueFlag":null},{"id":6548,"serialNumber":2,"optionTitle":"读取队头","chooseFlag":false,"trueFlag":null},{"id":6549,"serialNumber":3,"optionTitle":"插入","chooseFlag":false,"trueFlag":null},{"id":6550,"serialNumber":4,"optionTitle":"删除","chooseFlag":false,"trueFlag":null}],"collectFlag":false,"selectedFlag":false,"analysis":null,"checkScore":null,"maxScore":2},{"id":1285,"type":"RADIO","knowledgePoints":"队列","questionTitle":"将新元素插入到链式队列中时，新元素只能插入到","optionList":[{"id":6551,"serialNumber":1,"optionTitle":"链头","chooseFlag":false,"trueFlag":null},{"id":6552,"serialNumber":2,"optionTitle":"链尾","chooseFlag":false,"trueFlag":null},{"id":6553,"serialNumber":3,"optionTitle":"链中","chooseFlag":false,"trueFlag":null},{"id":6554,"serialNumber":4,"optionTitle":"第i个位置，i大于等于1，大于等于表长加1","chooseFlag":false,"trueFlag":null}],"collectFlag":false,"selectedFlag":false,"analysis":null,"checkScore":null,"maxScore":2},{"id":1286,"type":"RADIO","knowledgePoints":"栈","questionTitle":"有六个元素6，5，4，3，2，1 的顺序进栈，问下列哪一个不是合法的出栈序列？（    ）","optionList":[{"id":6555,"serialNumber":1,"optionTitle":"5 4 3 6 1 2","chooseFlag":false,"trueFlag":null},{"id":6556,"serialNumber":2,"optionTitle":"4 5 3 1 2 6","chooseFlag":false,"trueFlag":null},{"id":6557,"serialNumber":3,"optionTitle":"3 4 6 5 2 1","chooseFlag":false,"trueFlag":null},{"id":6558,"serialNumber":4,"optionTitle":"2 3 4 1 5 6","chooseFlag":false,"trueFlag":null}],"collectFlag":false,"selectedFlag":false,"analysis":null,"checkScore":null,"maxScore":2},{"id":1287,"type":"RADIO","knowledgePoints":"栈","questionTitle":"下设栈S的初始状态为空，元素a,b,c,d,e,f依次入栈S，出栈的序列为b,d,c,f,e,a则栈S的容量至少为（）","optionList":[{"id":6559,"serialNumber":1,"optionTitle":"6","chooseFlag":false,"trueFlag":null},{"id":6560,"serialNumber":2,"optionTitle":"5","chooseFlag":false,"trueFlag":null},{"id":6561,"serialNumber":3,"optionTitle":"4","chooseFlag":false,"trueFlag":null},{"id":6562,"serialNumber":4,"optionTitle":"3","chooseFlag":false,"trueFlag":null}],"collectFlag":false,"selectedFlag":false,"analysis":null,"checkScore":null,"maxScore":2},{"id":1288,"type":"RADIO","knowledgePoints":"栈","questionTitle":"<p>针对栈这种数据结构，入栈操作和出栈操作的时间复杂度通常是多少</p>","optionList":[{"id":8896,"serialNumber":1,"optionTitle":"O(1)","chooseFlag":false,"trueFlag":null},{"id":8897,"serialNumber":2,"optionTitle":"O(n)","chooseFlag":false,"trueFlag":null},{"id":8898,"serialNumber":3,"optionTitle":"O(n^2)","chooseFlag":false,"trueFlag":null},{"id":8899,"serialNumber":4,"optionTitle":"O(logn)","chooseFlag":false,"trueFlag":null}],"collectFlag":false,"selectedFlag":false,"analysis":null,"checkScore":null,"maxScore":2},{"id":1289,"type":"RADIO","knowledgePoints":"栈","questionTitle":"栈的实现可以利用哪些数据结构？","optionList":[{"id":6567,"serialNumber":1,"optionTitle":"数组","chooseFlag":false,"trueFlag":false},{"id":6568,"serialNumber":2,"optionTitle":"链表","chooseFlag":false,"trueFlag":false},{"id":6569,"serialNumber":3,"optionTitle":"二叉树","chooseFlag":false,"trueFlag":false},{"id":6570,"serialNumber":4,"optionTitle":"A和B","chooseFlag":true,"trueFlag":true}],"collectFlag":false,"selectedFlag":true,"analysis":"栈的基础概念","checkScore":2,"maxScore":2},{"id":1290,"type":"RADIO","knowledgePoints":"栈","questionTitle":"在一个空栈上执行下列操作序列：push(1)、push(2)、pop()、push(3)、pop()，最后栈顶元素是多少？","optionList":[{"id":6571,"serialNumber":1,"optionTitle":"1","chooseFlag":false,"trueFlag":null},{"id":6572,"serialNumber":2,"optionTitle":"2","chooseFlag":false,"trueFlag":null},{"id":6573,"serialNumber":3,"optionTitle":"3","chooseFlag":false,"trueFlag":null},{"id":6574,"serialNumber":4,"optionTitle":"栈为空","chooseFlag":false,"trueFlag":null}],"collectFlag":false,"selectedFlag":false,"analysis":null,"checkScore":null,"maxScore":2},{"id":1292,"type":"RADIO","knowledgePoints":"栈","questionTitle":"<p>在子程序调用时，会使用什么数据结构来存储当前程序的执行信息（）</p>","optionList":[{"id":9120,"serialNumber":1,"optionTitle":"栈","chooseFlag":false,"trueFlag":null},{"id":9121,"serialNumber":2,"optionTitle":"树","chooseFlag":false,"trueFlag":null},{"id":9122,"serialNumber":3,"optionTitle":"队列","chooseFlag":false,"trueFlag":null},{"id":9123,"serialNumber":4,"optionTitle":"二叉树","chooseFlag":false,"trueFlag":null}],"collectFlag":false,"selectedFlag":false,"analysis":null,"checkScore":null,"maxScore":2},{"id":1294,"type":"RADIO","knowledgePoints":"栈","questionTitle":"a - (b * c + d) / e的后缀表达式是（）","optionList":[{"id":6587,"serialNumber":1,"optionTitle":"abcde-*+/","chooseFlag":false,"trueFlag":null},{"id":6588,"serialNumber":2,"optionTitle":"abcd*+e/-","chooseFlag":false,"trueFlag":null},{"id":6589,"serialNumber":3,"optionTitle":"abc*d+e/-","chooseFlag":false,"trueFlag":null},{"id":6590,"serialNumber":4,"optionTitle":"abc*de+/-","chooseFlag":false,"trueFlag":null}],"collectFlag":false,"selectedFlag":false,"analysis":null,"checkScore":null,"maxScore":2},{"id":1295,"type":"RADIO","knowledgePoints":"栈","questionTitle":"<p>在递归算法执行过程中，计算机系统必定会用到的数据结构是（ ）</p>","optionList":[{"id":9770,"serialNumber":1,"optionTitle":"队列","chooseFlag":true,"trueFlag":false},{"id":9771,"serialNumber":2,"optionTitle":"堆","chooseFlag":false,"trueFlag":false},{"id":9772,"serialNumber":3,"optionTitle":"栈","chooseFlag":false,"trueFlag":true},{"id":9773,"serialNumber":4,"optionTitle":"二叉树","chooseFlag":false,"trueFlag":false}],"collectFlag":false,"selectedFlag":true,"analysis":"<p>在递归算法执行过程中，计算机系统必定会用到的数据结构是栈</p>","checkScore":0,"maxScore":2},{"id":1297,"type":"RADIO","knowledgePoints":"堆","questionTitle":"<p>关键码序列K = { 23 ， 40， 28， 19， 20， 42 }，经过筛选法建堆过程后，得到的最小堆为 ___ ______</p>","optionList":[{"id":7307,"serialNumber":1,"optionTitle":"<p>情况1： 19，20，28，40，23，42</p>","chooseFlag":false,"trueFlag":null},{"id":7308,"serialNumber":2,"optionTitle":"情况2：\n19，28，20，40，23，42","chooseFlag":false,"trueFlag":null},{"id":7309,"serialNumber":3,"optionTitle":"情况3：\n42，40，28，23，20，19","chooseFlag":false,"trueFlag":null},{"id":7310,"serialNumber":4,"optionTitle":"情况4：\n42，28，40，20，23，19","chooseFlag":false,"trueFlag":null}],"collectFlag":false,"selectedFlag":false,"analysis":null,"checkScore":null,"maxScore":2},{"id":1298,"type":"RADIO","knowledgePoints":"堆","questionTitle":"关于序列(16, 14, 10, 8, 7, 9, 3, 2, 4, 1)的说法下面哪一个正确（）","optionList":[{"id":6603,"serialNumber":1,"optionTitle":"大顶堆","chooseFlag":false,"trueFlag":null},{"id":6604,"serialNumber":2,"optionTitle":"小顶堆","chooseFlag":false,"trueFlag":null},{"id":6605,"serialNumber":3,"optionTitle":"不是堆","chooseFlag":false,"trueFlag":null},{"id":6606,"serialNumber":4,"optionTitle":"二叉排序树","chooseFlag":false,"trueFlag":null}],"collectFlag":false,"selectedFlag":false,"analysis":null,"checkScore":null,"maxScore":2},{"id":1299,"type":"RADIO","knowledgePoints":"堆","questionTitle":"<p>将一个元素插入大小为len的小顶堆中，最多需要移动()次，最少需要()次。</p>","optionList":[{"id":7303,"serialNumber":1,"optionTitle":"len, 0","chooseFlag":false,"trueFlag":null},{"id":7304,"serialNumber":2,"optionTitle":"len, 1","chooseFlag":false,"trueFlag":null},{"id":7305,"serialNumber":3,"optionTitle":"log(len), 0","chooseFlag":false,"trueFlag":null},{"id":7306,"serialNumber":4,"optionTitle":"log(len), 1","chooseFlag":false,"trueFlag":null}],"collectFlag":false,"selectedFlag":false,"analysis":null,"checkScore":null,"maxScore":2},{"id":1300,"type":"RADIO","knowledgePoints":"堆","questionTitle":"<p>一组记录排序码为(5 11 7 2 3 17),则利用堆排序方法建立的初始堆为</p>","optionList":[{"id":17424,"serialNumber":1,"optionTitle":"(11 5 7 2 3 17)","chooseFlag":false,"trueFlag":null},{"id":17425,"serialNumber":2,"optionTitle":"<p>(11 5 7 2 17 3)</p>","chooseFlag":false,"trueFlag":null},{"id":17426,"serialNumber":3,"optionTitle":"(17 11 7 2 3 5)","chooseFlag":false,"trueFlag":null},{"id":17427,"serialNumber":4,"optionTitle":"(17 7 11 3 5 2)","chooseFlag":false,"trueFlag":null}],"collectFlag":false,"selectedFlag":false,"analysis":null,"checkScore":null,"maxScore":2},{"id":1301,"type":"RADIO","knowledgePoints":"堆","questionTitle":"对于大顶堆中序列{64767,3444,4353,3344,45,2344,657,646}，删除堆顶元素后，可得序列()","optionList":[{"id":6615,"serialNumber":1,"optionTitle":"{4353,3444,2344,3344,45,646,657}","chooseFlag":true,"trueFlag":true},{"id":6616,"serialNumber":2,"optionTitle":"{3444,4353,3344,45,2344,657,646}","chooseFlag":false,"trueFlag":false},{"id":6617,"serialNumber":3,"optionTitle":"{64767,3444,4353,3344,2344,657,646}","chooseFlag":false,"trueFlag":false},{"id":6618,"serialNumber":4,"optionTitle":"{3444,4353,2344,3344,45,646,657}","chooseFlag":false,"trueFlag":false}],"collectFlag":false,"selectedFlag":true,"analysis":"堆中删除堆顶元素后，堆会自动调整，因此删除后的堆顶元素为剩余序列中的最大值。","checkScore":2,"maxScore":2},{"id":1302,"type":"RADIO","knowledgePoints":"堆","questionTitle":"已知关键字序列5，8，12，19，28，20，15，22是小根堆（最小堆），插入关键字3，调整后得到的小根堆是（）。","optionList":[{"id":6619,"serialNumber":1,"optionTitle":"3，5，12，8，28，20，15，22，19","chooseFlag":false,"trueFlag":null},{"id":6620,"serialNumber":2,"optionTitle":"3，5，12，19，20，15，22，8，28","chooseFlag":false,"trueFlag":null},{"id":6621,"serialNumber":3,"optionTitle":"3，8，12，5，20，15，22，28，19","chooseFlag":false,"trueFlag":null},{"id":6622,"serialNumber":4,"optionTitle":"3，12，5，8，28，20，15，22，19","chooseFlag":false,"trueFlag":null}],"collectFlag":false,"selectedFlag":false,"analysis":null,"checkScore":null,"maxScore":2},{"id":1303,"type":"RADIO","knowledgePoints":"堆","questionTitle":"下列四个序列中，哪一个是堆（      ）。","optionList":[{"id":6623,"serialNumber":1,"optionTitle":"75，65，30，15，25，45，20，10","chooseFlag":false,"trueFlag":null},{"id":6624,"serialNumber":2,"optionTitle":"75，65，45，10，30，25，20，15","chooseFlag":false,"trueFlag":null},{"id":6625,"serialNumber":3,"optionTitle":"75，45，65，30，15，25，20，10","chooseFlag":false,"trueFlag":null},{"id":6626,"serialNumber":4,"optionTitle":"75，45，65，10，25，30，20，15","chooseFlag":false,"trueFlag":null}],"collectFlag":false,"selectedFlag":false,"analysis":null,"checkScore":null,"maxScore":2},{"id":1306,"type":"RADIO","knowledgePoints":"堆","questionTitle":"最大堆中插入一条数据的时间复杂度是（）","optionList":[{"id":6635,"serialNumber":1,"optionTitle":"O(n)","chooseFlag":false,"trueFlag":null},{"id":6636,"serialNumber":2,"optionTitle":"O(1)","chooseFlag":false,"trueFlag":null},{"id":6637,"serialNumber":3,"optionTitle":"O(log(n))","chooseFlag":false,"trueFlag":null},{"id":6638,"serialNumber":4,"optionTitle":"O(n^2)","chooseFlag":false,"trueFlag":null}],"collectFlag":false,"selectedFlag":false,"analysis":null,"checkScore":null,"maxScore":2},{"id":1307,"type":"RADIO","knowledgePoints":"堆","questionTitle":"对于大顶堆中的一组数据，单次操作一定可以获得这组数据的()","optionList":[{"id":6639,"serialNumber":1,"optionTitle":"最大值","chooseFlag":false,"trueFlag":null},{"id":6640,"serialNumber":2,"optionTitle":"最小值","chooseFlag":false,"trueFlag":null},{"id":6641,"serialNumber":3,"optionTitle":"平均值","chooseFlag":false,"trueFlag":null},{"id":6642,"serialNumber":4,"optionTitle":"总和","chooseFlag":false,"trueFlag":null}],"collectFlag":false,"selectedFlag":false,"analysis":null,"checkScore":null,"maxScore":2},{"id":1308,"type":"RADIO","knowledgePoints":"树","questionTitle":"一棵深度为4的完全二叉树最少有（）个节点（第一层深度视为1）","optionList":[{"id":6643,"serialNumber":1,"optionTitle":"7","chooseFlag":false,"trueFlag":false},{"id":6644,"serialNumber":2,"optionTitle":"8","chooseFlag":true,"trueFlag":true},{"id":6645,"serialNumber":3,"optionTitle":"15","chooseFlag":false,"trueFlag":false},{"id":6646,"serialNumber":4,"optionTitle":"16","chooseFlag":false,"trueFlag":false}],"collectFlag":false,"selectedFlag":true,"analysis":"首先深度为4的完全二叉树，则前三层为编号对应的完全二叉树，最后一层最少为一个，所以为2^3-1+1=8.","checkScore":2,"maxScore":2},{"id":1309,"type":"RADIO","knowledgePoints":"树","questionTitle":"某二叉树结点的中序序列为A、B、C、D、E、F、G、H，后序序列为B、D、C、A、F、G、H、E。该二叉树的层次次序序列为?","optionList":[{"id":6647,"serialNumber":1,"optionTitle":"E、G、H、F、A、C、D、B","chooseFlag":false,"trueFlag":null},{"id":6648,"serialNumber":2,"optionTitle":"E、A、H、C、G、B、D、F","chooseFlag":false,"trueFlag":null},{"id":6649,"serialNumber":3,"optionTitle":"E、A、G、H、C、F、B、D","chooseFlag":false,"trueFlag":null},{"id":6650,"serialNumber":4,"optionTitle":"E、G、A、C、H、D、F、B","chooseFlag":false,"trueFlag":null}],"collectFlag":false,"selectedFlag":false,"analysis":null,"checkScore":null,"maxScore":2},{"id":1310,"type":"RADIO","knowledgePoints":"树","questionTitle":"在二叉排序树中插入一个结点最坏情况下的时间复杂度为（）。","optionList":[{"id":6651,"serialNumber":1,"optionTitle":"O(1)","chooseFlag":false,"trueFlag":null},{"id":6652,"serialNumber":2,"optionTitle":"O(n)","chooseFlag":false,"trueFlag":null},{"id":6653,"serialNumber":3,"optionTitle":"O(log(n))","chooseFlag":false,"trueFlag":null},{"id":6654,"serialNumber":4,"optionTitle":"O(n^2)","chooseFlag":false,"trueFlag":null}],"collectFlag":false,"selectedFlag":false,"analysis":null,"checkScore":null,"maxScore":2},{"id":1311,"type":"RADIO","knowledgePoints":"树","questionTitle":"<p>3个结点可构成（）棵不同形态的二叉树。</p>","optionList":[{"id":7339,"serialNumber":1,"optionTitle":"2","chooseFlag":false,"trueFlag":null},{"id":7340,"serialNumber":2,"optionTitle":"3","chooseFlag":false,"trueFlag":null},{"id":7341,"serialNumber":3,"optionTitle":"4","chooseFlag":false,"trueFlag":null},{"id":7342,"serialNumber":4,"optionTitle":"5","chooseFlag":false,"trueFlag":null}],"collectFlag":false,"selectedFlag":false,"analysis":null,"checkScore":null,"maxScore":2},{"id":1312,"type":"RADIO","knowledgePoints":"树","questionTitle":"一棵深度为4的四叉树，最多有多少个节点（）","optionList":[{"id":6659,"serialNumber":1,"optionTitle":"84","chooseFlag":false,"trueFlag":null},{"id":6660,"serialNumber":2,"optionTitle":"85","chooseFlag":false,"trueFlag":null},{"id":6661,"serialNumber":3,"optionTitle":"36","chooseFlag":false,"trueFlag":null},{"id":6662,"serialNumber":4,"optionTitle":"100","chooseFlag":false,"trueFlag":null}],"collectFlag":false,"selectedFlag":false,"analysis":null,"checkScore":null,"maxScore":2},{"id":1314,"type":"RADIO","knowledgePoints":"树","questionTitle":"在二叉排序树上查找关键字为36的节点，则依次比较关键字有可能是（  ）","optionList":[{"id":6667,"serialNumber":1,"optionTitle":"{46,37,18,28,36}","chooseFlag":false,"trueFlag":null},{"id":6668,"serialNumber":2,"optionTitle":"{18,37,28,46,36}","chooseFlag":false,"trueFlag":null},{"id":6669,"serialNumber":3,"optionTitle":"{46,28,18,37,36}","chooseFlag":false,"trueFlag":null},{"id":6670,"serialNumber":4,"optionTitle":"{28,37,18,46,36}","chooseFlag":false,"trueFlag":null}],"collectFlag":false,"selectedFlag":false,"analysis":null,"checkScore":null,"maxScore":2},{"id":1316,"type":"RADIO","knowledgePoints":"树","questionTitle":"当一棵二叉树的前序序列和中序序列分别是ABCDEF和BADCEF时，其后序序列必是","optionList":[{"id":6675,"serialNumber":1,"optionTitle":"BDEFCA","chooseFlag":false,"trueFlag":null},{"id":6676,"serialNumber":2,"optionTitle":"BDFECA","chooseFlag":false,"trueFlag":null},{"id":6677,"serialNumber":3,"optionTitle":"BACDEF","chooseFlag":false,"trueFlag":null},{"id":6678,"serialNumber":4,"optionTitle":"ABCDFE","chooseFlag":false,"trueFlag":null}],"collectFlag":false,"selectedFlag":false,"analysis":null,"checkScore":null,"maxScore":2},{"id":1339,"type":"RADIO","knowledgePoints":"哈希表","questionTitle":"下面关于哈希表插入操作的时间复杂度正确的是：","optionList":[{"id":6767,"serialNumber":1,"optionTitle":"O(1)","chooseFlag":false,"trueFlag":null},{"id":6768,"serialNumber":2,"optionTitle":"O(n)","chooseFlag":false,"trueFlag":null},{"id":6769,"serialNumber":3,"optionTitle":"O(n^2)","chooseFlag":false,"trueFlag":null},{"id":6770,"serialNumber":4,"optionTitle":"O(nlogn)","chooseFlag":false,"trueFlag":null}],"collectFlag":false,"selectedFlag":false,"analysis":null,"checkScore":null,"maxScore":2},{"id":1340,"type":"RADIO","knowledgePoints":"哈希表","questionTitle":"下面关于哈希表扩容操作的时间复杂度正确的是：","optionList":[{"id":6771,"serialNumber":1,"optionTitle":"O(1)","chooseFlag":false,"trueFlag":null},{"id":6772,"serialNumber":2,"optionTitle":"O(n)","chooseFlag":false,"trueFlag":null},{"id":6773,"serialNumber":3,"optionTitle":"O(n^2)","chooseFlag":false,"trueFlag":null},{"id":6774,"serialNumber":4,"optionTitle":"O(nlogn)","chooseFlag":false,"trueFlag":null}],"collectFlag":false,"selectedFlag":false,"analysis":null,"checkScore":null,"maxScore":2},{"id":1341,"type":"RADIO","knowledgePoints":"哈希表","questionTitle":"<p>对于哈希函数的加密要求，以下选项错误的是：</p>","optionList":[{"id":17466,"serialNumber":1,"optionTitle":"<p>某数据库中，根据用户身份证号、电话等进行hash，并且与其他唯一性约束一起生成user_id作为唯一识别时需要hash函数具有加密属性</p>","chooseFlag":false,"trueFlag":null},{"id":17467,"serialNumber":2,"optionTitle":"DNS域名解析为了防止非法流量窥探，hash逻辑也会需要加密","chooseFlag":false,"trueFlag":null},{"id":17468,"serialNumber":3,"optionTitle":"分布式集群计算的情况下，为了解决hash一致性的问题，需要hash函数具有加密属性","chooseFlag":false,"trueFlag":null},{"id":17469,"serialNumber":4,"optionTitle":"哈希函数经常需要有一定的加密属性。但是也存在不要求加密的应用场景，如一些简单的科学计算","chooseFlag":false,"trueFlag":null}],"collectFlag":false,"selectedFlag":false,"analysis":null,"checkScore":null,"maxScore":2},{"id":1342,"type":"MULTI_SELECT","knowledgePoints":"哈希表","questionTitle":"哈希算法可以用在下列哪些场景：","optionList":[{"id":6779,"serialNumber":1,"optionTitle":"计算机的缓存管理","chooseFlag":true,"trueFlag":true},{"id":6780,"serialNumber":2,"optionTitle":"DNS域名解析","chooseFlag":true,"trueFlag":true},{"id":6781,"serialNumber":3,"optionTitle":"栈的读写操作","chooseFlag":true,"trueFlag":false},{"id":6782,"serialNumber":4,"optionTitle":"变量的位移操作","chooseFlag":false,"trueFlag":false}],"collectFlag":false,"selectedFlag":true,"analysis":"缓存管理采用哈希表可以快速实现变量在内存的读取；DNS域名解析采用哈希表可以快速实现ip地址与域名之间的转换；栈和变量的位移操作，则与哈希表无关","checkScore":0,"maxScore":2},{"id":1343,"type":"RADIO","knowledgePoints":"哈希表","questionTitle":"<p>以下哪个选项不是哈希函数的常用场景：</p>","optionList":[{"id":9336,"serialNumber":1,"optionTitle":"文件的快速校验","chooseFlag":false,"trueFlag":null},{"id":9337,"serialNumber":2,"optionTitle":"安全加密的场景，如互联网账户系统的用户密码管理","chooseFlag":false,"trueFlag":null},{"id":9338,"serialNumber":3,"optionTitle":"分布式存储，如zk","chooseFlag":false,"trueFlag":null},{"id":9339,"serialNumber":4,"optionTitle":"矩阵计算","chooseFlag":false,"trueFlag":null}],"collectFlag":false,"selectedFlag":false,"analysis":null,"checkScore":null,"maxScore":2},{"id":1344,"type":"RADIO","knowledgePoints":"哈希表","questionTitle":"哈希冲突更容易发生在什么阶段","optionList":[{"id":6787,"serialNumber":1,"optionTitle":"哈希表刚刚建立","chooseFlag":false,"trueFlag":null},{"id":6788,"serialNumber":2,"optionTitle":"哈希表接近填满","chooseFlag":false,"trueFlag":null},{"id":6789,"serialNumber":3,"optionTitle":"中间阶段","chooseFlag":false,"trueFlag":null},{"id":6790,"serialNumber":4,"optionTitle":"任何阶段","chooseFlag":false,"trueFlag":null}],"collectFlag":false,"selectedFlag":false,"analysis":null,"checkScore":null,"maxScore":2},{"id":1345,"type":"RADIO","knowledgePoints":"哈希表","questionTitle":"以下关于解决哈希冲突的方法描述错误的是","optionList":[{"id":6791,"serialNumber":1,"optionTitle":"开放地址法需要特别注意冲突率的控制和哈希函数的设计，否则可能会导致性能下降","chooseFlag":false,"trueFlag":null},{"id":6792,"serialNumber":2,"optionTitle":"链表法相对于开放地址法，需要更多的内存空间来存储链表节点，同时访问链表的时间复杂度也会相对较高","chooseFlag":false,"trueFlag":null},{"id":6793,"serialNumber":3,"optionTitle":"开放地址法虽然原理较为复杂，但不论在何种情况下操作性能总是优于链表法","chooseFlag":false,"trueFlag":null},{"id":6794,"serialNumber":4,"optionTitle":"开放地址法只需要一个数组进行存储，因此其存储结构十分简单","chooseFlag":false,"trueFlag":null}],"collectFlag":false,"selectedFlag":false,"analysis":null,"checkScore":null,"maxScore":2},{"id":1346,"type":"MULTI_SELECT","knowledgePoints":"哈希表","questionTitle":"<p>关于一致性哈希算法，下列陈述正确的是</p>","optionList":[{"id":9526,"serialNumber":1,"optionTitle":"一致性哈希是为了解决增加候选集的时候，哈希的值尽可能不变，避免更大层面的扰动","chooseFlag":false,"trueFlag":null},{"id":9527,"serialNumber":2,"optionTitle":"一致性哈希算法通过构建哈希环，可以大大降低哈希冲突的概率","chooseFlag":false,"trueFlag":null},{"id":9528,"serialNumber":3,"optionTitle":"<p>哈希环在进行增加节点的操作时，采用顺时针映射；在进行减少节点的操作时，采用逆时针映射</p>","chooseFlag":false,"trueFlag":null},{"id":9529,"serialNumber":4,"optionTitle":"虚拟节点优化，可以解决数据倾斜（机器负载不均衡）问题","chooseFlag":false,"trueFlag":null}],"collectFlag":false,"selectedFlag":false,"analysis":null,"checkScore":null,"maxScore":2},{"id":1347,"type":"RADIO","knowledgePoints":"哈希表","questionTitle":"设散列表的长度为10，散列函数H(n)=n mod 7，初始关键字序列为 (33，24，8，17，21，10)，用链地址法作为解决冲突的方法，平均查找长度是？","optionList":[{"id":6799,"serialNumber":1,"optionTitle":"1","chooseFlag":false,"trueFlag":null},{"id":6800,"serialNumber":2,"optionTitle":"1.5","chooseFlag":false,"trueFlag":null},{"id":6801,"serialNumber":3,"optionTitle":"2","chooseFlag":false,"trueFlag":null},{"id":6802,"serialNumber":4,"optionTitle":"2.5","chooseFlag":false,"trueFlag":null}],"collectFlag":false,"selectedFlag":false,"analysis":null,"checkScore":null,"maxScore":2},{"id":1348,"type":"RADIO","knowledgePoints":"哈希表","questionTitle":"下述有关hash冲突时候的解决方法的说法，错误的有？","optionList":[{"id":6803,"serialNumber":1,"optionTitle":"通常有两类方法处理冲突：开放定址(Open Addressing)法和拉链(Chaining)法。","chooseFlag":false,"trueFlag":null},{"id":6804,"serialNumber":2,"optionTitle":"开放定址更适合于造表前无法确定表长的情况","chooseFlag":false,"trueFlag":null},{"id":6805,"serialNumber":3,"optionTitle":"在用拉链法构造的散列表中，删除结点的操作易于实现","chooseFlag":false,"trueFlag":null},{"id":6806,"serialNumber":4,"optionTitle":"拉链法的缺点是：指针需要额外的空间，故当结点规模较小时，开放定址法较为节省空间","chooseFlag":false,"trueFlag":null}],"collectFlag":false,"selectedFlag":false,"analysis":null,"checkScore":null,"maxScore":2},{"id":1349,"type":"MULTI_SELECT","knowledgePoints":"哈希表","questionTitle":"<p>以下关于一致性哈希的优点，正确的是</p>","optionList":[{"id":9040,"serialNumber":1,"optionTitle":"<p>均匀性：通过环形映射，数据分布更加均匀，在节点动态变化时，数据移动量也更加平均分布，有助于减少数据倾斜的现象，更好地保证了各节点的负载均衡。</p>","chooseFlag":false,"trueFlag":null},{"id":9041,"serialNumber":2,"optionTitle":"扩展性：添加或删除节点时，只需要在环上计算每个节点的数据范围即可，不需要重新Hash所有数据，因此可快速、平稳地进行系统扩展。","chooseFlag":false,"trueFlag":null},{"id":9042,"serialNumber":3,"optionTitle":"可靠性：由于数据均匀分布在各节点上，当有节点宕机时，只有部分数据需要迁移，不会造成整个系统崩溃，极大地提高了系统的可靠性。","chooseFlag":false,"trueFlag":null},{"id":9043,"serialNumber":4,"optionTitle":"高效性：减少了数据的重新Hash，降低了计算和网络传输的开销","chooseFlag":false,"trueFlag":null}],"collectFlag":false,"selectedFlag":false,"analysis":null,"checkScore":null,"maxScore":2},{"id":1350,"type":"RADIO","knowledgePoints":"并查集","questionTitle":"<p>并查集中的路径压缩（Path Compression）优化策略是什么？</p>","optionList":[{"id":17324,"serialNumber":1,"optionTitle":"<p>使集合中的每个节点连接到自身</p>","chooseFlag":false,"trueFlag":null},{"id":17325,"serialNumber":2,"optionTitle":"使所有节点形成一个完全二叉树","chooseFlag":false,"trueFlag":null},{"id":17326,"serialNumber":3,"optionTitle":"使所有节点形成一个线性链表结构","chooseFlag":false,"trueFlag":null},{"id":17327,"serialNumber":4,"optionTitle":"使集合中的每个节点直接连接到根节点","chooseFlag":false,"trueFlag":null}],"collectFlag":false,"selectedFlag":false,"analysis":null,"checkScore":null,"maxScore":2},{"id":1351,"type":"MULTI_SELECT","knowledgePoints":"并查集","questionTitle":"并查集的主要操作包括哪些？","optionList":[{"id":6815,"serialNumber":1,"optionTitle":"从集合中删除一个元素","chooseFlag":false,"trueFlag":null},{"id":6816,"serialNumber":2,"optionTitle":"确定元素属于哪一个子集","chooseFlag":false,"trueFlag":null},{"id":6817,"serialNumber":3,"optionTitle":"在集合中插入新的元素","chooseFlag":false,"trueFlag":null},{"id":6818,"serialNumber":4,"optionTitle":"将两个子集合并成同一个集合","chooseFlag":false,"trueFlag":null}],"collectFlag":false,"selectedFlag":false,"analysis":null,"checkScore":null,"maxScore":2},{"id":1352,"type":"RADIO","knowledgePoints":"并查集","questionTitle":"在并查集中，按秩合并的主要目的是什么？","optionList":[{"id":6819,"serialNumber":1,"optionTitle":"避免重复合并","chooseFlag":false,"trueFlag":null},{"id":6820,"serialNumber":2,"optionTitle":"节省空间","chooseFlag":false,"trueFlag":null},{"id":6821,"serialNumber":3,"optionTitle":"保持树的平衡","chooseFlag":false,"trueFlag":null},{"id":6822,"serialNumber":4,"optionTitle":"增加插入速度","chooseFlag":false,"trueFlag":null}],"collectFlag":false,"selectedFlag":false,"analysis":null,"checkScore":null,"maxScore":2},{"id":1353,"type":"RADIO","knowledgePoints":"并查集","questionTitle":"在并查集中，如果两个元素的根节点相同，那么这两个元素属于同一个集合，这种说法正确吗？","optionList":[{"id":6823,"serialNumber":1,"optionTitle":"无法确定","chooseFlag":false,"trueFlag":null},{"id":6824,"serialNumber":2,"optionTitle":"正确","chooseFlag":false,"trueFlag":null},{"id":6825,"serialNumber":3,"optionTitle":"部分情况下正确","chooseFlag":false,"trueFlag":null},{"id":6826,"serialNumber":4,"optionTitle":"错误","chooseFlag":false,"trueFlag":null}],"collectFlag":false,"selectedFlag":false,"analysis":null,"checkScore":null,"maxScore":2},{"id":1354,"type":"RADIO","knowledgePoints":"并查集","questionTitle":"在并查集中，元素的“秩”通常表示什么？","optionList":[{"id":6827,"serialNumber":1,"optionTitle":"元素的位置","chooseFlag":false,"trueFlag":null},{"id":6828,"serialNumber":2,"optionTitle":"元素的父节点","chooseFlag":false,"trueFlag":null},{"id":6829,"serialNumber":3,"optionTitle":"树的高度或深度","chooseFlag":false,"trueFlag":null},{"id":6830,"serialNumber":4,"optionTitle":"元素的值","chooseFlag":false,"trueFlag":null}],"collectFlag":false,"selectedFlag":false,"analysis":null,"checkScore":null,"maxScore":2},{"id":1355,"type":"RADIO","knowledgePoints":"并查集","questionTitle":"在并查集中，哪种情况下会出现最差的时间复杂度？","optionList":[{"id":6831,"serialNumber":1,"optionTitle":"所有元素都直接连接到根节点","chooseFlag":false,"trueFlag":null},{"id":6832,"serialNumber":2,"optionTitle":"元素构成一个长链，即每个节点只有一个子节点","chooseFlag":false,"trueFlag":null},{"id":6833,"serialNumber":3,"optionTitle":"元素随机连接到根节点","chooseFlag":false,"trueFlag":null},{"id":6834,"serialNumber":4,"optionTitle":"所有元素都分布在两个大的集合中","chooseFlag":false,"trueFlag":null}],"collectFlag":false,"selectedFlag":false,"analysis":null,"checkScore":null,"maxScore":2},{"id":1356,"type":"RADIO","knowledgePoints":"并查集","questionTitle":"<p>在一个具有 N 个元素的并查集中（没有孤立的元素，最终合并到一个集合），进行了 N-1 次合并操作后，以下哪个陈述是正确的？</p>","optionList":[{"id":17364,"serialNumber":1,"optionTitle":"<p>所有元素都将直接或间接连接到同一个根节点</p>","chooseFlag":false,"trueFlag":null},{"id":17365,"serialNumber":2,"optionTitle":"至少有一个元素不会连接到根节点","chooseFlag":false,"trueFlag":null},{"id":17366,"serialNumber":3,"optionTitle":"并查集将形成一个长链","chooseFlag":false,"trueFlag":null},{"id":17367,"serialNumber":4,"optionTitle":"每个元素都将成为其它某个元素的直接父节点","chooseFlag":false,"trueFlag":null}],"collectFlag":false,"selectedFlag":false,"analysis":null,"checkScore":null,"maxScore":2},{"id":1357,"type":"RADIO","knowledgePoints":"并查集","questionTitle":"<p>在并查集中，两个元素 a 和 b 的查找操作（find）后发现它们有相同的根。这表明什么？</p>","optionList":[{"id":17360,"serialNumber":1,"optionTitle":"a 和 b 必须在不同的集合中","chooseFlag":false,"trueFlag":null},{"id":17361,"serialNumber":2,"optionTitle":"<p>a 和 b 之间必然存在一条路径</p>","chooseFlag":false,"trueFlag":null},{"id":17362,"serialNumber":3,"optionTitle":"并查集的实现出现错误","chooseFlag":false,"trueFlag":null},{"id":17363,"serialNumber":4,"optionTitle":"a 和 b 必须在同一个集合中","chooseFlag":false,"trueFlag":null}],"collectFlag":false,"selectedFlag":false,"analysis":null,"checkScore":null,"maxScore":2},{"id":1358,"type":"MULTI_SELECT","knowledgePoints":"并查集","questionTitle":"<p>在使用并查集处理一个图的连通分量时，以下哪些陈述是正确的？</p>","optionList":[{"id":17356,"serialNumber":1,"optionTitle":"<p>只有在图为无向图时，才能正确处理连通分量</p>","chooseFlag":false,"trueFlag":null},{"id":17357,"serialNumber":2,"optionTitle":"<p>并查集可以用于检测图中的环</p>","chooseFlag":false,"trueFlag":null},{"id":17358,"serialNumber":3,"optionTitle":"<p>并查集可以处理有向图的强连通分量</p>","chooseFlag":false,"trueFlag":null},{"id":17359,"serialNumber":4,"optionTitle":"<p>并查集无法处理加权图中的最小生成树问题</p>","chooseFlag":false,"trueFlag":null}],"collectFlag":false,"selectedFlag":false,"analysis":null,"checkScore":null,"maxScore":2},{"id":1359,"type":"MULTI_SELECT","knowledgePoints":"并查集","questionTitle":"<p>在图算法中，以下哪些场景可能会使用到并查集？</p>","optionList":[{"id":17352,"serialNumber":1,"optionTitle":"寻找图中的最短路径","chooseFlag":false,"trueFlag":null},{"id":17353,"serialNumber":2,"optionTitle":"寻找图中的最小生成树","chooseFlag":false,"trueFlag":null},{"id":17354,"serialNumber":3,"optionTitle":"<p>寻找有向图中的强连通分量</p>","chooseFlag":false,"trueFlag":null},{"id":17355,"serialNumber":4,"optionTitle":"检查图中是否存在环","chooseFlag":false,"trueFlag":null}],"collectFlag":false,"selectedFlag":false,"analysis":null,"checkScore":null,"maxScore":2},{"id":1360,"type":"MULTI_SELECT","knowledgePoints":"位运算","questionTitle":"下列哪些符号是位运算符？","optionList":[{"id":6851,"serialNumber":1,"optionTitle":"^","chooseFlag":false,"trueFlag":null},{"id":6852,"serialNumber":2,"optionTitle":"<<","chooseFlag":false,"trueFlag":null},{"id":6853,"serialNumber":3,"optionTitle":"&","chooseFlag":false,"trueFlag":null},{"id":6854,"serialNumber":4,"optionTitle":"/","chooseFlag":false,"trueFlag":null}],"collectFlag":false,"selectedFlag":false,"analysis":null,"checkScore":null,"maxScore":2},{"id":1361,"type":"RADIO","knowledgePoints":"位运算","questionTitle":"<p>下列代码的输出结果是什么？ int a = 10; int b = a &lt;&lt; 2; printf(&quot;%d&quot;, b);</p>","optionList":[{"id":17248,"serialNumber":1,"optionTitle":"5","chooseFlag":false,"trueFlag":null},{"id":17249,"serialNumber":2,"optionTitle":"10","chooseFlag":false,"trueFlag":null},{"id":17250,"serialNumber":3,"optionTitle":"20","chooseFlag":false,"trueFlag":null},{"id":17251,"serialNumber":4,"optionTitle":"40","chooseFlag":false,"trueFlag":null}],"collectFlag":false,"selectedFlag":false,"analysis":null,"checkScore":null,"maxScore":2},{"id":1362,"type":"MULTI_SELECT","knowledgePoints":"位运算","questionTitle":"下列哪些操作可以将一个数字的二进制位全部取反？","optionList":[{"id":6859,"serialNumber":1,"optionTitle":"&","chooseFlag":false,"trueFlag":null},{"id":6860,"serialNumber":2,"optionTitle":"|","chooseFlag":false,"trueFlag":null},{"id":6861,"serialNumber":3,"optionTitle":"^","chooseFlag":false,"trueFlag":null},{"id":6862,"serialNumber":4,"optionTitle":"~","chooseFlag":false,"trueFlag":null}],"collectFlag":false,"selectedFlag":false,"analysis":null,"checkScore":null,"maxScore":2},{"id":1363,"type":"MULTI_SELECT","knowledgePoints":"位运算","questionTitle":"<p>如果x = 7 (二进制为&#x27;00000111&#x27;)，那么以下哪些表达式的结果是0？</p>","optionList":[{"id":9112,"serialNumber":1,"optionTitle":"x & 0","chooseFlag":true,"trueFlag":true},{"id":9113,"serialNumber":2,"optionTitle":"x | 0","chooseFlag":false,"trueFlag":false},{"id":9114,"serialNumber":3,"optionTitle":"x ^ 7","chooseFlag":true,"trueFlag":true},{"id":9115,"serialNumber":4,"optionTitle":"~x","chooseFlag":false,"trueFlag":false}],"collectFlag":false,"selectedFlag":true,"analysis":"<p>x &amp; 0：任何数和0做与操作都是0。 x ^ 7：任何数和自己做异或操作结果都是0。</p>","checkScore":2,"maxScore":2},{"id":1365,"type":"MULTI_SELECT","knowledgePoints":"位运算","questionTitle":"位运算有哪些常见的应用？","optionList":[{"id":6871,"serialNumber":1,"optionTitle":"数据加密","chooseFlag":false,"trueFlag":null},{"id":6872,"serialNumber":2,"optionTitle":"数据压缩","chooseFlag":false,"trueFlag":null},{"id":6873,"serialNumber":3,"optionTitle":"检查奇偶性","chooseFlag":false,"trueFlag":null},{"id":6874,"serialNumber":4,"optionTitle":"转换数据类型","chooseFlag":false,"trueFlag":null}],"collectFlag":false,"selectedFlag":false,"analysis":null,"checkScore":null,"maxScore":2},{"id":1366,"type":"RADIO","knowledgePoints":"位运算","questionTitle":"如何检查一个正整数 x 是否为2的幂？","optionList":[{"id":6875,"serialNumber":1,"optionTitle":"x & (x - 1) == 0","chooseFlag":false,"trueFlag":null},{"id":6876,"serialNumber":2,"optionTitle":"x ^ (x -1) == x","chooseFlag":false,"trueFlag":null},{"id":6877,"serialNumber":3,"optionTitle":"x | (x - 1) == x","chooseFlag":false,"trueFlag":null},{"id":6878,"serialNumber":4,"optionTitle":"上述都不正确","chooseFlag":false,"trueFlag":null}],"collectFlag":false,"selectedFlag":false,"analysis":null,"checkScore":null,"maxScore":2},{"id":1367,"type":"MULTI_SELECT","knowledgePoints":"位运算","questionTitle":"<p size=\"0\" _root=\"undefined\" __ownerID=\"undefined\" __hash=\"undefined\" __altered=\"false\">下列哪些位运算的结果与原数值n相等？</p>","optionList":[{"id":9674,"serialNumber":1,"optionTitle":"n & n","chooseFlag":true,"trueFlag":true},{"id":9675,"serialNumber":2,"optionTitle":"n | n","chooseFlag":true,"trueFlag":true},{"id":9676,"serialNumber":3,"optionTitle":"n ^ 0","chooseFlag":true,"trueFlag":true},{"id":9677,"serialNumber":4,"optionTitle":"~n","chooseFlag":false,"trueFlag":false}],"collectFlag":false,"selectedFlag":true,"analysis":"<p>正确选项都不会改变n的值，因此可以看作是复制n的值。~n选项是取反操作，会改变每一位的值。</p>","checkScore":2,"maxScore":2},{"id":1368,"type":"RADIO","knowledgePoints":"位运算","questionTitle":"<p>下列哪个位运算方法能够判断整数n的奇偶性？</p>","optionList":[{"id":11932,"serialNumber":1,"optionTitle":"n & 1","chooseFlag":false,"trueFlag":true},{"id":11933,"serialNumber":2,"optionTitle":"n ^ 1","chooseFlag":false,"trueFlag":false},{"id":11934,"serialNumber":3,"optionTitle":"n | 1","chooseFlag":true,"trueFlag":false},{"id":11935,"serialNumber":4,"optionTitle":"n | 0","chooseFlag":false,"trueFlag":false}],"collectFlag":false,"selectedFlag":true,"analysis":"<p>n &amp; 1选项利用与操作检查最低位是不是1来判断奇偶性。</p>","checkScore":0,"maxScore":2},{"id":1369,"type":"MULTI_SELECT","knowledgePoints":"位运算","questionTitle":"哪些因素会影响Bloom filter的误判率？","optionList":[{"id":6887,"serialNumber":1,"optionTitle":"存储空间大小","chooseFlag":false,"trueFlag":null},{"id":6888,"serialNumber":2,"optionTitle":"插入元素的数量","chooseFlag":false,"trueFlag":null},{"id":6889,"serialNumber":3,"optionTitle":"哈希函数的数量","chooseFlag":false,"trueFlag":null},{"id":6890,"serialNumber":4,"optionTitle":"哈希函数的质量","chooseFlag":false,"trueFlag":null}],"collectFlag":false,"selectedFlag":false,"analysis":null,"checkScore":null,"maxScore":2},{"id":1370,"type":"RADIO","knowledgePoints":"位运算","questionTitle":"<p size=\"0\" _root=\"undefined\" __ownerid=\"undefined\" __hash=\"undefined\" __altered=\"false\">在表达式 0x01 &lt;&lt; 3 + 0x02 &amp; 0x04 % 5 中，哪些操作会先执行？</p>","optionList":[{"id":9778,"serialNumber":1,"optionTitle":"0x01 << 3","chooseFlag":false,"trueFlag":null},{"id":9779,"serialNumber":2,"optionTitle":"<p size=\"0\" _root=\"undefined\" __ownerid=\"undefined\" __hash=\"undefined\" __altered=\"false\">0x04 % 5</p>","chooseFlag":false,"trueFlag":null},{"id":9780,"serialNumber":3,"optionTitle":"0x02 & 0x04","chooseFlag":false,"trueFlag":null},{"id":9781,"serialNumber":4,"optionTitle":"0x01 << (3 + 0x02)","chooseFlag":false,"trueFlag":null}],"collectFlag":false,"selectedFlag":false,"analysis":null,"checkScore":null,"maxScore":2},{"id":2286,"type":"RADIO","knowledgePoints":"数组","questionTitle":"在N个元素的数组中，算法的时间复杂度为O(1)的是（        ）。","optionList":[{"id":15042,"serialNumber":1,"optionTitle":"对N个元素排序","chooseFlag":false,"trueFlag":null},{"id":15043,"serialNumber":2,"optionTitle":"删除第1个元素","chooseFlag":false,"trueFlag":null},{"id":15044,"serialNumber":3,"optionTitle":"访问第K个元素（1&#x3c;=K&#x3c;=N）","chooseFlag":false,"trueFlag":null},{"id":15045,"serialNumber":4,"optionTitle":"在第1个元素之前插入1个元素","chooseFlag":false,"trueFlag":null}],"collectFlag":false,"selectedFlag":false,"analysis":null,"checkScore":null,"maxScore":2},{"id":2290,"type":"RADIO","knowledgePoints":"队列","questionTitle":"循环队列存储在数组 A[0..m]中，则入队时的操作为","optionList":[{"id":15058,"serialNumber":1,"optionTitle":"rear=rear+1","chooseFlag":false,"trueFlag":null},{"id":15059,"serialNumber":2,"optionTitle":"rear=(rear+1) % (m-1)","chooseFlag":false,"trueFlag":null},{"id":15060,"serialNumber":3,"optionTitle":"rear=(rear+1) % m","chooseFlag":false,"trueFlag":null},{"id":15061,"serialNumber":4,"optionTitle":"rear=(rear+1) % (m+1)","chooseFlag":false,"trueFlag":null}],"collectFlag":false,"selectedFlag":false,"analysis":null,"checkScore":null,"maxScore":2},{"id":2294,"type":"RADIO","knowledgePoints":"数组","questionTitle":"<p>下面的叙述正确的是（ ）</p>","optionList":[{"id":17260,"serialNumber":1,"optionTitle":"线性表在链式存储时，所有元素节点的存储单元是连续的","chooseFlag":false,"trueFlag":null},{"id":17261,"serialNumber":2,"optionTitle":"线性表在链式存储时，删除第i个元素的时间同i的值无关","chooseFlag":false,"trueFlag":null},{"id":17262,"serialNumber":3,"optionTitle":"<p>线性表在顺序存储时，查找第i个元素的时间同i 的值成正比</p>","chooseFlag":false,"trueFlag":null},{"id":17263,"serialNumber":4,"optionTitle":"线性表在顺序存储时，所有元素的存储单元是连续的","chooseFlag":false,"trueFlag":null}],"collectFlag":false,"selectedFlag":false,"analysis":null,"checkScore":null,"maxScore":2},{"id":2301,"type":"RADIO","knowledgePoints":"栈","questionTitle":"栈也是一种线性表，也同样有顺序存储结构和链式存储结构，这种说法","optionList":[{"id":15102,"serialNumber":1,"optionTitle":"正确","chooseFlag":false,"trueFlag":null},{"id":15103,"serialNumber":2,"optionTitle":"错误","chooseFlag":false,"trueFlag":null}],"collectFlag":false,"selectedFlag":false,"analysis":null,"checkScore":null,"maxScore":2},{"id":2302,"type":"RADIO","knowledgePoints":"哈希表","questionTitle":"以下关于哈希冲突描述正确的是","optionList":[{"id":15104,"serialNumber":1,"optionTitle":"哈希冲突基本上是不可避免的","chooseFlag":false,"trueFlag":null},{"id":15105,"serialNumber":2,"optionTitle":"通过设计优秀的哈希函数，我们总是可以避免哈希冲突","chooseFlag":false,"trueFlag":null},{"id":15106,"serialNumber":3,"optionTitle":"使用更长的哈希值，这可以增加哈希函数的输出数量，从而避免哈希冲突","chooseFlag":false,"trueFlag":null},{"id":15107,"serialNumber":4,"optionTitle":"有加密属性的哈希函数可以避免哈希冲突","chooseFlag":false,"trueFlag":null}],"collectFlag":false,"selectedFlag":false,"analysis":null,"checkScore":null,"maxScore":2},{"id":2305,"type":"RADIO","knowledgePoints":"栈","questionTitle":"单链表实现的栈，栈顶指针为Top(仅仅是一个指针)，入栈一个P节点时，其操作步骤为：","optionList":[{"id":15116,"serialNumber":1,"optionTitle":"Top-&#x3e;next=p;","chooseFlag":false,"trueFlag":null},{"id":15117,"serialNumber":2,"optionTitle":"p-&#x3e;next=Top-&#x3e;next;Top-&#x3e;next=p;","chooseFlag":false,"trueFlag":null},{"id":15118,"serialNumber":3,"optionTitle":"p-&#x3e;next=Top;Top=p-&#x3e;next;","chooseFlag":false,"trueFlag":null},{"id":15119,"serialNumber":4,"optionTitle":"p-&#x3e;next=Top;Top=Top-&#x3e;next;","chooseFlag":false,"trueFlag":null}],"collectFlag":false,"selectedFlag":false,"analysis":null,"checkScore":null,"maxScore":2},{"id":2306,"type":"RADIO","knowledgePoints":"哈希表","questionTitle":"哈希函数需要满足哪些要求：","optionList":[{"id":15120,"serialNumber":1,"optionTitle":"便于计算","chooseFlag":false,"trueFlag":false},{"id":15121,"serialNumber":2,"optionTitle":"取值分布均匀","chooseFlag":false,"trueFlag":false},{"id":15122,"serialNumber":3,"optionTitle":"降低哈希冲突的概率","chooseFlag":false,"trueFlag":false},{"id":15123,"serialNumber":4,"optionTitle":"以上皆正确","chooseFlag":true,"trueFlag":true}],"collectFlag":false,"selectedFlag":true,"analysis":"哈希函数需要满足便于计算（以降低计算复杂度）、取值分布均匀（以降低扩容的频次，另外也可以减少哈希冲突）、降低哈希冲突的概率（以提高整体性能）。","checkScore":2,"maxScore":2},{"id":2309,"type":"RADIO","knowledgePoints":"队列","questionTitle":"设循环队列的容量为50（序号从0到49），现经过一系列的入队和出队运算后，有 front=16，rear=5（rear指向队尾元素的后一位置），当前循环队列中元素个数为","optionList":[{"id":15132,"serialNumber":1,"optionTitle":"11","chooseFlag":false,"trueFlag":false},{"id":15133,"serialNumber":2,"optionTitle":"39","chooseFlag":true,"trueFlag":true},{"id":15134,"serialNumber":3,"optionTitle":"40","chooseFlag":false,"trueFlag":false},{"id":15135,"serialNumber":4,"optionTitle":"12","chooseFlag":false,"trueFlag":false}],"collectFlag":false,"selectedFlag":true,"analysis":"队列长度计算公式为(rear-front + N) % N","checkScore":2,"maxScore":2},{"id":2313,"type":"RADIO","knowledgePoints":"链表","questionTitle":"以链接方式存储的线性表（X1、X2、...、Xn），当访问第i个元素的时间复杂度为（）","optionList":[{"id":15148,"serialNumber":1,"optionTitle":"o(1)","chooseFlag":false,"trueFlag":null},{"id":15149,"serialNumber":2,"optionTitle":"o(n)","chooseFlag":false,"trueFlag":null},{"id":15150,"serialNumber":3,"optionTitle":"o(logn)","chooseFlag":false,"trueFlag":null},{"id":15151,"serialNumber":4,"optionTitle":"o(n的二次方)","chooseFlag":false,"trueFlag":null}],"collectFlag":false,"selectedFlag":false,"analysis":null,"checkScore":null,"maxScore":2},{"id":2314,"type":"RADIO","knowledgePoints":"树","questionTitle":"某段文本中各个字母出现的频率分别是{a:4,b:3,c:12,d:7,e:10}，使用哈弗曼编码，则哪种是可能的编码？","optionList":[{"id":15152,"serialNumber":1,"optionTitle":"a(001), b(000), d(01), e(10), c(11)","chooseFlag":false,"trueFlag":null},{"id":15153,"serialNumber":2,"optionTitle":"a(0000), b(0001), d(001), c(01), e(1)","chooseFlag":false,"trueFlag":null},{"id":15154,"serialNumber":3,"optionTitle":"a(000), b(001), d(01), e(10), c(00)","chooseFlag":false,"trueFlag":null},{"id":15155,"serialNumber":4,"optionTitle":"a(0000), b(0001), d(001), c(000), e(1)","chooseFlag":false,"trueFlag":null}],"collectFlag":false,"selectedFlag":false,"analysis":null,"checkScore":null,"maxScore":2},{"id":2315,"type":"RADIO","knowledgePoints":"位运算","questionTitle":"在位操作中，哪些运算可以保证无论输入是什么，输出总是不变的？","optionList":[{"id":15156,"serialNumber":1,"optionTitle":"OR运算与全0操作","chooseFlag":true,"trueFlag":false},{"id":15157,"serialNumber":2,"optionTitle":"XOR运算与全0操作","chooseFlag":false,"trueFlag":false},{"id":15158,"serialNumber":3,"optionTitle":"NOT运算两次","chooseFlag":false,"trueFlag":false},{"id":15159,"serialNumber":4,"optionTitle":"以上全部","chooseFlag":false,"trueFlag":true}],"collectFlag":false,"selectedFlag":true,"analysis":"A、B选项通过与不变的值进行运算，可以保持原值不变。执行两次NOT运算也会恢复原值。","checkScore":0,"maxScore":2},{"id":2317,"type":"RADIO","knowledgePoints":"栈","questionTitle":"解析XML时，需要校验节点是否闭合，如必须有与之对应，用（）数据结构实现比较好","optionList":[{"id":15164,"serialNumber":1,"optionTitle":"链表","chooseFlag":false,"trueFlag":null},{"id":15165,"serialNumber":2,"optionTitle":"树","chooseFlag":false,"trueFlag":null},{"id":15166,"serialNumber":3,"optionTitle":"队列","chooseFlag":false,"trueFlag":null},{"id":15167,"serialNumber":4,"optionTitle":"栈","chooseFlag":false,"trueFlag":null}],"collectFlag":false,"selectedFlag":false,"analysis":null,"checkScore":null,"maxScore":2},{"id":2318,"type":"MULTI_SELECT","knowledgePoints":"哈希表","questionTitle":"以下关于相似度哈希的描述，正确的是","optionList":[{"id":15168,"serialNumber":1,"optionTitle":"相似度哈希算法通过将图片转化为哈希值，并通过汉明距离判断图片的相似性","chooseFlag":false,"trueFlag":null},{"id":15169,"serialNumber":2,"optionTitle":"相似度哈希可用于图片、视频、文本等的相似度检测","chooseFlag":false,"trueFlag":null},{"id":15170,"serialNumber":3,"optionTitle":"相似度哈希算法相比其他哈希应用更需要减少哈希冲突的产生","chooseFlag":false,"trueFlag":null},{"id":15171,"serialNumber":4,"optionTitle":"相似度哈希是可逆的，即，可以通过哈希值反推出来精确的原始值","chooseFlag":false,"trueFlag":null}],"collectFlag":false,"selectedFlag":false,"analysis":null,"checkScore":null,"maxScore":2},{"id":2321,"type":"RADIO","knowledgePoints":"堆","questionTitle":"<p>已知序列25， 13， 10， 12， 9 是大根堆，在序列尾部插入新元素 18，将其再调整为大根堆，调整过程中元素之间进行的比较次数是（ ）。</p>","optionList":[{"id":17344,"serialNumber":1,"optionTitle":"1","chooseFlag":false,"trueFlag":null},{"id":17345,"serialNumber":2,"optionTitle":"2","chooseFlag":false,"trueFlag":null},{"id":17346,"serialNumber":3,"optionTitle":"4","chooseFlag":false,"trueFlag":null},{"id":17347,"serialNumber":4,"optionTitle":"5","chooseFlag":false,"trueFlag":null}],"collectFlag":false,"selectedFlag":false,"analysis":null,"checkScore":null,"maxScore":2},{"id":2322,"type":"RADIO","knowledgePoints":"队列","questionTitle":"下列与队列结构有关联的是","optionList":[{"id":15184,"serialNumber":1,"optionTitle":"函数的递归调用","chooseFlag":false,"trueFlag":null},{"id":15185,"serialNumber":2,"optionTitle":"数组元素的引用","chooseFlag":false,"trueFlag":null},{"id":15186,"serialNumber":3,"optionTitle":"多重循环的执行","chooseFlag":false,"trueFlag":null},{"id":15187,"serialNumber":4,"optionTitle":"先到先服务的作业调度","chooseFlag":false,"trueFlag":null}],"collectFlag":false,"selectedFlag":false,"analysis":null,"checkScore":null,"maxScore":2},{"id":2323,"type":"RADIO","knowledgePoints":"并查集","questionTitle":"你正在使用并查集对一个社交网络进行分析，其中每个个体为一个节点，每个节点之间的友谊关系则为一条边。如果你想要找出社交网络中的朋友圈数量，你应该如何操作？","optionList":[{"id":15188,"serialNumber":1,"optionTitle":"用并查集记录每个个体的关系，然后找出所有节点的数量","chooseFlag":false,"trueFlag":null},{"id":15189,"serialNumber":2,"optionTitle":"用并查集记录每个个体的关系，然后找出叶节点的数量","chooseFlag":false,"trueFlag":null},{"id":15190,"serialNumber":3,"optionTitle":"仅仅记录每个个体的关系，不需要使用并查集","chooseFlag":false,"trueFlag":null},{"id":15191,"serialNumber":4,"optionTitle":"用并查集记录每个个体的关系，然后找出根节点的数量","chooseFlag":false,"trueFlag":null}],"collectFlag":false,"selectedFlag":false,"analysis":null,"checkScore":null,"maxScore":2},{"id":2327,"type":"RADIO","knowledgePoints":"链表","questionTitle":"<p>在包含1000个元素的线性表中实现如下各运算,所需执行时间最长的是( )</p>","optionList":[{"id":15388,"serialNumber":1,"optionTitle":"线性表按顺序方式存储，删除线性表的第900个结点","chooseFlag":false,"trueFlag":null},{"id":15389,"serialNumber":2,"optionTitle":"线性表按链式方式存储，删除指针P所指向的结点","chooseFlag":false,"trueFlag":null},{"id":15390,"serialNumber":3,"optionTitle":"线性表按顺序方式存储，在线性表的第100个结点后面插入一个新结点","chooseFlag":false,"trueFlag":null},{"id":15391,"serialNumber":4,"optionTitle":"线性表按链式方式存储，在线性表的第100个结点后面插入一个新结点","chooseFlag":false,"trueFlag":null}],"collectFlag":false,"selectedFlag":false,"analysis":null,"checkScore":null,"maxScore":2},{"id":2328,"type":"RADIO","knowledgePoints":"树","questionTitle":"一棵完全二叉树第5层有10个叶结点（根为第一层），则结点个数最多有（）","optionList":[{"id":15208,"serialNumber":1,"optionTitle":"53","chooseFlag":false,"trueFlag":null},{"id":15209,"serialNumber":2,"optionTitle":"25","chooseFlag":false,"trueFlag":null},{"id":15210,"serialNumber":3,"optionTitle":"41","chooseFlag":false,"trueFlag":null},{"id":15211,"serialNumber":4,"optionTitle":"43","chooseFlag":false,"trueFlag":null}],"collectFlag":false,"selectedFlag":false,"analysis":null,"checkScore":null,"maxScore":2},{"id":2331,"type":"RADIO","knowledgePoints":"堆","questionTitle":"对一个堆按层次遍历，不一定能得到一个有序序列。","optionList":[{"id":15220,"serialNumber":1,"optionTitle":"true","chooseFlag":false,"trueFlag":null},{"id":15221,"serialNumber":2,"optionTitle":"false","chooseFlag":false,"trueFlag":null}],"collectFlag":false,"selectedFlag":false,"analysis":null,"checkScore":null,"maxScore":2},{"id":2332,"type":"MULTI_SELECT","knowledgePoints":"并查集","questionTitle":"在实现并查集的过程中，哪种优化策略能够避免树的高度过大","optionList":[{"id":15222,"serialNumber":1,"optionTitle":"按秩合并","chooseFlag":false,"trueFlag":null},{"id":15223,"serialNumber":2,"optionTitle":"路径压缩","chooseFlag":false,"trueFlag":null},{"id":15224,"serialNumber":3,"optionTitle":"快速排序","chooseFlag":false,"trueFlag":null},{"id":15225,"serialNumber":4,"optionTitle":"使用哈希表存储节点","chooseFlag":false,"trueFlag":null}],"collectFlag":false,"selectedFlag":false,"analysis":null,"checkScore":null,"maxScore":2},{"id":2336,"type":"MULTI_SELECT","knowledgePoints":"堆","questionTitle":"关于堆排序复杂度分析的叙述中正确的是（ ）","optionList":[{"id":15238,"serialNumber":1,"optionTitle":"堆排序的时间复杂度为O(nlogn)","chooseFlag":false,"trueFlag":null},{"id":15239,"serialNumber":2,"optionTitle":"整个构建堆的时间复杂度为O(n)","chooseFlag":false,"trueFlag":null},{"id":15240,"serialNumber":3,"optionTitle":"堆排序的空间复杂度为O(1)","chooseFlag":false,"trueFlag":null},{"id":15241,"serialNumber":4,"optionTitle":"堆排序是一种不稳定的排序算法","chooseFlag":false,"trueFlag":null}],"collectFlag":false,"selectedFlag":false,"analysis":null,"checkScore":null,"maxScore":2},{"id":2337,"type":"RADIO","knowledgePoints":"位运算","questionTitle":"下列代码的输出结果是什么？\nint a = 10; int b = 15; int c = a ^ b; printf(&#x22;%d&#x22;, c);","optionList":[{"id":15242,"serialNumber":1,"optionTitle":"5","chooseFlag":false,"trueFlag":null},{"id":15243,"serialNumber":2,"optionTitle":"10","chooseFlag":false,"trueFlag":null},{"id":15244,"serialNumber":3,"optionTitle":"15","chooseFlag":false,"trueFlag":null},{"id":15245,"serialNumber":4,"optionTitle":"20","chooseFlag":false,"trueFlag":null}],"collectFlag":false,"selectedFlag":false,"analysis":null,"checkScore":null,"maxScore":2},{"id":2338,"type":"RADIO","knowledgePoints":"栈","questionTitle":"栈溢出可能发生在哪种情况下？","optionList":[{"id":15246,"serialNumber":1,"optionTitle":"栈空间已满，但仍试图入栈","chooseFlag":true,"trueFlag":true},{"id":15247,"serialNumber":2,"optionTitle":"栈空间已满，但仍试图出栈","chooseFlag":false,"trueFlag":false},{"id":15248,"serialNumber":3,"optionTitle":"栈空间为空，但仍试图入栈","chooseFlag":false,"trueFlag":false},{"id":15249,"serialNumber":4,"optionTitle":"栈空间为空，但仍试图出栈","chooseFlag":false,"trueFlag":false}],"collectFlag":false,"selectedFlag":true,"analysis":"栈的基础概念","checkScore":2,"maxScore":2},{"id":2341,"type":"RADIO","knowledgePoints":"并查集","questionTitle":"并查集主要用于解决什么类型的问题？","optionList":[{"id":15258,"serialNumber":1,"optionTitle":"最短路径问题","chooseFlag":false,"trueFlag":null},{"id":15259,"serialNumber":2,"optionTitle":"动态连通性问题","chooseFlag":false,"trueFlag":null},{"id":15260,"serialNumber":3,"optionTitle":"最大流问题","chooseFlag":false,"trueFlag":null},{"id":15261,"serialNumber":4,"optionTitle":"图的着色问题","chooseFlag":false,"trueFlag":null}],"collectFlag":false,"selectedFlag":false,"analysis":null,"checkScore":null,"maxScore":2},{"id":2343,"type":"RADIO","knowledgePoints":"数组","questionTitle":"已知 声明并初始化二维数组\nint a[3][2] = {{1, 2}, {3, 4}, {5, 6}} \n则 a[1][1] 的值为（）","optionList":[{"id":15266,"serialNumber":1,"optionTitle":"1","chooseFlag":false,"trueFlag":null},{"id":15267,"serialNumber":2,"optionTitle":"2","chooseFlag":false,"trueFlag":null},{"id":15268,"serialNumber":3,"optionTitle":"4","chooseFlag":false,"trueFlag":null},{"id":15269,"serialNumber":4,"optionTitle":"5","chooseFlag":false,"trueFlag":null}],"collectFlag":false,"selectedFlag":false,"analysis":null,"checkScore":null,"maxScore":2},{"id":2344,"type":"RADIO","knowledgePoints":"图","questionTitle":"已知无向图 G 含有 14条边，其中度为 4 的顶点个数为 3，度为 3 的顶点个数为 4，其他顶点的度均小于 3。图 G 所含的顶点个数最多是","optionList":[{"id":15270,"serialNumber":1,"optionTitle":"9","chooseFlag":false,"trueFlag":null},{"id":15271,"serialNumber":2,"optionTitle":"10","chooseFlag":false,"trueFlag":null},{"id":15272,"serialNumber":3,"optionTitle":"11","chooseFlag":false,"trueFlag":null},{"id":15273,"serialNumber":4,"optionTitle":"12","chooseFlag":false,"trueFlag":null}],"collectFlag":false,"selectedFlag":false,"analysis":null,"checkScore":null,"maxScore":2},{"id":2346,"type":"RADIO","knowledgePoints":"链表","questionTitle":"<p>线性表如果要频繁的执行插入和删除操作，该线性表采取的存储结构应该是（）</p>","optionList":[{"id":15380,"serialNumber":1,"optionTitle":"散列","chooseFlag":false,"trueFlag":false},{"id":15381,"serialNumber":2,"optionTitle":"顺序","chooseFlag":false,"trueFlag":false},{"id":15382,"serialNumber":3,"optionTitle":"链式","chooseFlag":true,"trueFlag":true},{"id":15383,"serialNumber":4,"optionTitle":"索引","chooseFlag":false,"trueFlag":false}],"collectFlag":false,"selectedFlag":true,"analysis":"<p>参考答案：C </p><p>A，散列更适合查找，不适合频繁更新 </p><p>B，顺序存储插入和删除都需要移动大量元素 </p><p>C，链式存储适合插入和删除操作 </p><p>D，索引结构，每次插入和删除都需要更新索引，费时</p>","checkScore":2,"maxScore":2},{"id":2347,"type":"RADIO","knowledgePoints":"树","questionTitle":"已知数据元素为(34,76,45,18,26,54,92)，按照依次插入节点的方法生成一棵二叉排序树，则该树的深度（根深度为1）为()","optionList":[{"id":15282,"serialNumber":1,"optionTitle":"7","chooseFlag":false,"trueFlag":null},{"id":15283,"serialNumber":2,"optionTitle":"6","chooseFlag":false,"trueFlag":null},{"id":15284,"serialNumber":3,"optionTitle":"4","chooseFlag":false,"trueFlag":null},{"id":15285,"serialNumber":4,"optionTitle":"5","chooseFlag":false,"trueFlag":null}],"collectFlag":false,"selectedFlag":false,"analysis":null,"checkScore":null,"maxScore":2},{"id":2348,"type":"MULTI_SELECT","knowledgePoints":"位运算","questionTitle":"对于二进制数 a 与 b，以下哪些等式是正确的？","optionList":[{"id":15286,"serialNumber":1,"optionTitle":"a &#x26; b = b &#x26; a","chooseFlag":false,"trueFlag":null},{"id":15287,"serialNumber":2,"optionTitle":"a | b = b | a","chooseFlag":false,"trueFlag":null},{"id":15288,"serialNumber":3,"optionTitle":"a ^ b = b ^ a","chooseFlag":false,"trueFlag":null},{"id":15289,"serialNumber":4,"optionTitle":"~a = ~b","chooseFlag":false,"trueFlag":null}],"collectFlag":false,"selectedFlag":false,"analysis":null,"checkScore":null,"maxScore":2},{"id":2350,"type":"RADIO","knowledgePoints":"堆","questionTitle":"对于序列（ 12 ， 13 ， 11 ， 18 ， 60 ， 15 ， 7 ， 19 ， 25 ， 100 ），用筛选法建堆，必须从值为 ________ 的数据开始调整建初始堆。","optionList":[{"id":15294,"serialNumber":1,"optionTitle":"100","chooseFlag":false,"trueFlag":null},{"id":15295,"serialNumber":2,"optionTitle":"12","chooseFlag":false,"trueFlag":null},{"id":15296,"serialNumber":3,"optionTitle":"60","chooseFlag":false,"trueFlag":null},{"id":15297,"serialNumber":4,"optionTitle":"15","chooseFlag":false,"trueFlag":null}],"collectFlag":false,"selectedFlag":false,"analysis":null,"checkScore":null,"maxScore":2},{"id":2351,"type":"MULTI_SELECT","knowledgePoints":"并查集","questionTitle":"关于并查集的路径压缩，以下哪些描述是正确的？","optionList":[{"id":15298,"serialNumber":1,"optionTitle":"路径压缩可以优化并查集的查找效率","chooseFlag":false,"trueFlag":null},{"id":15299,"serialNumber":2,"optionTitle":"路径压缩会使并查集的结构变得更加复杂","chooseFlag":false,"trueFlag":null},{"id":15300,"serialNumber":3,"optionTitle":"路径压缩可以在执行查找操作时完成","chooseFlag":false,"trueFlag":null},{"id":15301,"serialNumber":4,"optionTitle":"经过路径压缩后，树的高度会减少","chooseFlag":false,"trueFlag":null}],"collectFlag":false,"selectedFlag":false,"analysis":null,"checkScore":null,"maxScore":2},{"id":2353,"type":"RADIO","knowledgePoints":"数组","questionTitle":"数组元素的下标值越大，存取时间越长，这样的说法正确吗？","optionList":[{"id":15306,"serialNumber":1,"optionTitle":"正确","chooseFlag":false,"trueFlag":null},{"id":15307,"serialNumber":2,"optionTitle":"不正确","chooseFlag":false,"trueFlag":null}],"collectFlag":false,"selectedFlag":false,"analysis":null,"checkScore":null,"maxScore":2},{"id":2354,"type":"RADIO","knowledgePoints":"图","questionTitle":"<p>对有n个顶点，e条边，使用领接表存储的有向图进行广度优先遍历，算法的时间复杂度是？</p>","optionList":[{"id":17264,"serialNumber":1,"optionTitle":"O(n)","chooseFlag":false,"trueFlag":null},{"id":17265,"serialNumber":2,"optionTitle":"O(e)","chooseFlag":false,"trueFlag":null},{"id":17266,"serialNumber":3,"optionTitle":"O(n+e)","chooseFlag":false,"trueFlag":null},{"id":17267,"serialNumber":4,"optionTitle":"O(n*e)","chooseFlag":false,"trueFlag":null}],"collectFlag":false,"selectedFlag":false,"analysis":null,"checkScore":null,"maxScore":2},{"id":2357,"type":"RADIO","knowledgePoints":"队列","questionTitle":"有一个虚拟存储系统，若进程在内存中占3页（开始时内存为空），若采用先进先出（FIFO）页面淘汰算法，当执行如下访问页号序列后1，2，3，1，4，5，6，2，5，会发生多少缺页？","optionList":[{"id":15320,"serialNumber":1,"optionTitle":"4","chooseFlag":false,"trueFlag":null},{"id":15321,"serialNumber":2,"optionTitle":"5","chooseFlag":false,"trueFlag":null},{"id":15322,"serialNumber":3,"optionTitle":"6","chooseFlag":false,"trueFlag":null},{"id":15323,"serialNumber":4,"optionTitle":"7","chooseFlag":false,"trueFlag":null}],"collectFlag":false,"selectedFlag":false,"analysis":null,"checkScore":null,"maxScore":2},{"id":2361,"type":"RADIO","knowledgePoints":"链表","questionTitle":"<p>在单链表中，要将s所指结点插入到p所指结点之后，其语句应为（）</p>","optionList":[{"id":15376,"serialNumber":1,"optionTitle":"s-&#x3e;next=p+1; p-&#x3e;next=s;","chooseFlag":false,"trueFlag":null},{"id":15377,"serialNumber":2,"optionTitle":"(*p).next=s; (*s).next=(*p).next","chooseFlag":false,"trueFlag":null},{"id":15378,"serialNumber":3,"optionTitle":"s-&#x3e;next=p-&#x3e;next; p-&#x3e;next=s-&#x3e;next;","chooseFlag":false,"trueFlag":null},{"id":15379,"serialNumber":4,"optionTitle":"s-&#x3e;next=p-&#x3e;next; p-&#x3e;next=s;","chooseFlag":false,"trueFlag":null}],"collectFlag":false,"selectedFlag":false,"analysis":null,"checkScore":null,"maxScore":2},{"id":2362,"type":"MULTI_SELECT","knowledgePoints":"树","questionTitle":"已知中序遍历的序列为abcdef，高度最小的可能的二叉树的叶子是（ ）","optionList":[{"id":15340,"serialNumber":1,"optionTitle":"ace","chooseFlag":false,"trueFlag":null},{"id":15341,"serialNumber":2,"optionTitle":"acf","chooseFlag":false,"trueFlag":null},{"id":15342,"serialNumber":3,"optionTitle":"adf","chooseFlag":false,"trueFlag":null},{"id":15343,"serialNumber":4,"optionTitle":"cdf","chooseFlag":false,"trueFlag":null}],"collectFlag":false,"selectedFlag":false,"analysis":null,"checkScore":null,"maxScore":2},{"id":2363,"type":"MULTI_SELECT","knowledgePoints":"位运算","questionTitle":"<p></p><p>对于位运算，以下哪些说法是正确的？</p><p></p>","optionList":[{"id":15428,"serialNumber":1,"optionTitle":"移位运算可以用来进行快速的乘除法运算","chooseFlag":false,"trueFlag":null},{"id":15429,"serialNumber":2,"optionTitle":"位运算符的优先级高于算术运算符","chooseFlag":false,"trueFlag":null},{"id":15430,"serialNumber":3,"optionTitle":"位运算符的优先级高于逻辑运算符","chooseFlag":false,"trueFlag":null},{"id":15431,"serialNumber":4,"optionTitle":"位运算不能用于浮点型数据","chooseFlag":false,"trueFlag":null}],"collectFlag":false,"selectedFlag":false,"analysis":null,"checkScore":null,"maxScore":2},{"id":2365,"type":"RADIO","knowledgePoints":"树","questionTitle":"一个二叉树有20个度为2的节点，有10个度为1的节点，求度为0的叶节点的数目为多少？","optionList":[{"id":15352,"serialNumber":1,"optionTitle":"20","chooseFlag":false,"trueFlag":null},{"id":15353,"serialNumber":2,"optionTitle":"21","chooseFlag":false,"trueFlag":null},{"id":15354,"serialNumber":3,"optionTitle":"30","chooseFlag":false,"trueFlag":null},{"id":15355,"serialNumber":4,"optionTitle":"50","chooseFlag":false,"trueFlag":null}],"collectFlag":false,"selectedFlag":false,"analysis":null,"checkScore":null,"maxScore":2},{"id":2366,"type":"RADIO","knowledgePoints":"位运算","questionTitle":"下列哪种方法能返回两个数中的最大值？","optionList":[{"id":15356,"serialNumber":1,"optionTitle":"max = a - ((a - b) &#x26; ((a - b) &#x3e;&#x3e; 31))","chooseFlag":false,"trueFlag":null},{"id":15357,"serialNumber":2,"optionTitle":"max = a + ((b - a) &#x26; ((b - a) &#x3e;&#x3e; 31))","chooseFlag":false,"trueFlag":null},{"id":15358,"serialNumber":3,"optionTitle":"max = a - ((a - b) &#x26; (~(a - b) &#x3e;&#x3e; 31))","chooseFlag":false,"trueFlag":null},{"id":15359,"serialNumber":4,"optionTitle":"max = b - ((b - a) &#x26; (~(b - a) &#x3e;&#x3e; 31))","chooseFlag":false,"trueFlag":null}],"collectFlag":false,"selectedFlag":false,"analysis":null,"checkScore":null,"maxScore":2},{"id":2368,"type":"RADIO","knowledgePoints":"堆","questionTitle":"最小堆[0,3,2,5,7,4,6,8],在删除堆顶元素0之后，其结果是（）","optionList":[{"id":15364,"serialNumber":1,"optionTitle":"[3，2，5，7，4，6，8]","chooseFlag":false,"trueFlag":null},{"id":15365,"serialNumber":2,"optionTitle":"[2，3，5，7，4，6，8]","chooseFlag":false,"trueFlag":null},{"id":15366,"serialNumber":3,"optionTitle":"[2，3，4，5，7，8，6]","chooseFlag":false,"trueFlag":null},{"id":15367,"serialNumber":4,"optionTitle":"[2，3，4，5，6，7，8]","chooseFlag":false,"trueFlag":null}],"collectFlag":false,"selectedFlag":false,"analysis":null,"checkScore":null,"maxScore":2},{"id":2369,"type":"RADIO","knowledgePoints":"并查集","questionTitle":"在实现并查集时，如果使用了路径压缩，但没有使用按秩合并，以下哪个陈述是正确的？","optionList":[{"id":15368,"serialNumber":1,"optionTitle":"查找操作的效率将降低","chooseFlag":false,"trueFlag":null},{"id":15369,"serialNumber":2,"optionTitle":"树可能变得不平衡","chooseFlag":false,"trueFlag":null},{"id":15370,"serialNumber":3,"optionTitle":"空间复杂度将增加","chooseFlag":false,"trueFlag":null},{"id":15371,"serialNumber":4,"optionTitle":"无法处理大规模数据","chooseFlag":false,"trueFlag":null}],"collectFlag":false,"selectedFlag":false,"analysis":null,"checkScore":null,"maxScore":2}]